X,Y,month,day,FFMC,DMC,DC,ISI,temp,RH,wind,rain,area,area_category
2.99273883815323,4.02361267850063,aug,wed,92.90113710767032,156.55634488603093,661.8992477743054,13.541290967952364,23.10506713105362,39.893804267449674,1.213659285332624,-0.0026243989219391414,2.2416297647704124,0.0
4.98075343379283,3.98938781489169,apr,sun,90.99799645333461,15.584879323564401,34.51735321452878,12.382799295769036,17.67227848949254,27.533832357796687,5.786345079714667,0.0013138806248047692,-0.03065327845043123,0.0
6.0,5.0,apr,mon,87.9,24.9,41.6,3.7,12.742365377679828,64.0,3.467475248210831,0.0,3.35,1.0
5.0,4.0,aug,tue,95.1,141.3,605.8,17.7,27.423956100238748,34.0,4.1667324210573895,0.0,16.4,1.0
4.00481154755745,3.0244642192523705,oct,sun,92.85699133995098,45.48948688435464,692.4341373821447,8.6803200772989,13.900142440406679,49.82839368070097,2.721289036162367,-0.002467986200342655,-0.2023664546322403,0.0
4.0,3.0,jul,sun,93.7,101.3,423.4,14.7,28.416959511159007,45.0,4.78831372413158,0.0,7.36,1.0
6.003363621689858,3.0045605763837098,sep,mon,91.83848041436111,79.81276211721297,719.059542237431,9.260448892210915,21.174517031905946,31.422558128634822,2.684870546459802,0.00016612659351785872,-0.1556819808635409,0.0
2.9792562270669483,4.016161573648871,mar,sat,91.58741740754475,36.17099029931594,86.75224243033121,7.977425747775927,15.341976417749292,26.86750966616483,4.866810300602054,-0.0014825271315794507,0.422063805381125,0.0
8.0,6.0,sep,mon,91.6,108.4,764.0,6.2,24.479977756651508,35.0,2.7471229116217133,0.0,7.48,1.0
5.030317919668741,5.0192879811736155,aug,sun,94.080263698749,45.62216785532594,102.94298441014391,10.581324368988582,17.10357085625448,80.1335823185258,4.480454550296437,0.0009752193529510839,-0.4053264945631643,0.0
3.0433003964868006,4.034621926894282,jul,mon,94.52920232144078,161.89833770506843,561.5950060155881,16.691862342249088,17.907329148170508,47.96884236728324,2.759295142883542,-0.0027367060341384557,-0.38807511827488334,0.0
2.9336396851403173,4.015454137983318,aug,mon,91.40001548224406,144.92788197118162,602.396501283471,10.932016622107195,17.092949434085355,42.74987415638151,5.40862861480196,0.0001923550908572014,-0.08808296464935307,0.0
8.03811054692857,5.997401712763546,sep,mon,91.86338364667883,110.85193080069585,765.0205085726853,6.496631258603615,15.817007448715154,50.9029721376511,2.247506604150346,-0.0011910650218164502,0.30376079213484264,0.0
2.043127066654945,3.9975739442329816,aug,fri,91.1183588488164,167.21448425452897,752.9856264905115,7.309214216744478,26.02100884968913,41.0620526073625,3.579746688029217,0.001608509440787176,0.23108442913179214,0.0
3.0262931759151095,3.9819579458816468,sep,mon,91.63762380309443,77.31487087360684,718.6800118748756,9.282275259001139,18.680021441844467,35.07832739574988,2.671840686457374,0.0015871983092835198,0.056887025657246536,0.0
5.991233328345462,5.028503488857865,jun,mon,90.51062206030093,94.5945934826372,298.1918919742348,7.286799018324334,20.805064927038046,24.994346581646166,4.882843224805381,0.0009253652692852674,0.18709257770491497,0.0
5.00228760003608,3.986317478980544,aug,sun,91.80283684381197,174.6340258035523,707.6704992004148,13.924878851986959,25.52534228326167,39.101404556181805,5.402674053153901,-0.002783040297715824,0.2117654317938804,0.0
6.0,5.0,feb,tue,75.1,4.4,16.2,1.9,6.943130095187256,82.0,6.927718491755474,0.0,5.39,1.0
6.0,5.0,apr,mon,87.9,24.9,41.6,3.7,12.604214305582085,64.0,3.6258442363950456,0.0,3.35,1.0
1.9768932164505,5.027085986354283,aug,sat,93.77978029769137,232.1217230297325,710.2136902377428,8.382842495069548,18.74275807347009,64.47971190564185,4.889050293404234,-0.00045960075465519587,-0.024450473439288713,0.0
3.906705208061893,3.98435390400195,sep,sat,92.80308791607806,86.08205131700997,690.8914958745456,7.173895889312262,19.76653716806954,47.73452766281981,2.7372428900173587,-0.002604636925783991,0.6662357882175199,0.0
3.997433374230482,3.993923105477449,jul,tue,79.50559814555994,61.478044546918305,374.5796802185049,1.4938575826502116,23.505907735644744,37.36127188836298,3.1335463701898463,0.001060917811321106,0.43865005856170647,0.0
7.062417078686944,4.993989505540183,sep,sat,92.61931410861322,88.72623368390258,708.535905743966,7.09058425102557,22.61176966102148,39.81830918217232,4.006673889436773,0.0008545539027271971,0.37710000204682487,0.0
3.978155427290966,3.9972301749938492,sep,sun,89.61589360180318,90.68412944895228,705.9390610989605,4.666759514391625,17.740071298311435,63.66447274351933,1.2795235026072076,0.0017686478998237636,0.07933742835050643,0.0
5.065923817583223,5.077865981384617,mar,sat,91.81935207305293,36.966477420171174,86.86608699463035,7.868678335660992,15.108811432945757,26.776447780863297,5.419203107334151,-0.0020401678053042537,-0.12989147065485634,0.0
3.966053359660084,2.9963446844936246,sep,tue,90.34087692791356,79.44566672507477,725.5505262790447,6.38671513849772,17.924677652847297,63.36912716676936,4.892910301572601,0.001672552811471553,0.17998618052095453,0.0
3.9844229204126647,6.057177199967365,sep,sun,93.60480772886649,150.85000697104408,725.6185466796264,7.83612329282912,30.487239653554294,26.434393269864078,3.4857194406378635,0.00020946979282445626,63.86929172643908,0.0
5.0,6.0,aug,sun,91.6,181.3,613.0,7.6,26.88158187607748,33.0,4.167699281498883,0.0,3.63,1.0
7.030626983123714,5.020838234436331,mar,fri,86.2586571413664,25.463362943097522,95.05152676517902,5.062052594546914,8.18323992556039,51.705573844995605,6.700706318513914,-0.0006458692290120314,-0.08329183748603923,0.0
5.0,4.0,aug,tue,95.1,141.3,605.8,17.7,27.423956100238748,34.0,4.1667324210573895,0.0,16.4,1.0
3.0561433121851356,3.991505684949832,mar,fri,91.45898289895025,34.54414571619356,73.88070639943012,9.043392773790679,18.700640138096283,18.135321203527305,4.5510285380956015,0.000610506681082551,-0.16903351945166015,0.0
6.969701499369313,4.0187554389324,sep,fri,92.55787576582593,119.81947559878205,662.4425932484245,12.257892624945478,18.747903775766396,33.4658461355941,5.744572673189078,-0.000847814297947279,0.09574122757740047,0.0
7.0,4.0,aug,sun,81.6,56.7,665.6,1.9,22.48206892441028,70.0,7.428750808641386,0.0,11.16,1.0
1.0535819822989583,1.9912092364173628,aug,tue,91.18817344973282,122.71561054580239,561.8734711945689,6.900573023532764,21.48917637136289,18.327248957628075,6.714844770749586,0.0005038171172889858,-0.6926298379702426,0.0
5.952182166485164,5.00019728181487,aug,thu,95.36804266845344,132.61113812281948,578.3423991338457,10.314368317283575,29.48496127901793,21.277995628056225,4.704653072035899,-0.002580718166387545,1.1189833851069537,0.0
3.0,4.0,mar,wed,90.2,18.5,41.1,7.3,13.23214000954773,41.0,5.7696327784395685,0.0,5.55,1.0
1.8951222648976656,4.011225584676843,sep,sun,92.6663758193498,107.2678775998839,756.3100975267578,9.98429713131206,15.722752439672066,44.53185051131589,1.7559821310820505,-0.00034382122157862433,-0.21913457232937758,0.0
6.063731679713066,5.972381719039031,jul,mon,94.05624643675579,63.68439468477665,443.04255841860623,10.827421427185437,23.02127551180043,35.99217865597223,3.0554736769196076,-0.0023904041675704302,0.34574957365885917,0.0
1.0,5.0,sep,sat,93.4,145.4,721.4,8.1,30.643359877671102,27.0,3.319031405087383,0.0,1.46,1.0
7.0,4.0,mar,mon,90.1,39.7,86.6,6.2,17.393848149332356,29.0,3.758332538792587,0.0,1.75,1.0
1.0168441361281684,2.002085726583835,aug,thu,91.64471781767901,114.41930026747877,665.9007440195056,6.327111116853081,20.34605064244675,44.962837310233226,3.568041228177557,0.0019315168845232197,0.013923529763027579,0.0
2.971268158317189,4.000545413377485,mar,sat,91.90346214354284,35.61843488845187,74.93382301149293,7.851981339717666,11.424261239900648,30.249555650147787,6.263557145315266,-0.001920555785852768,-0.3576028640515792,0.0
2.9842846739490265,3.985709371636471,aug,thu,93.0711013748777,76.40422722804499,466.88468154762506,7.762720984976017,19.587100098648424,35.6973893380344,3.087310123779162,0.0028716760983523515,0.4524518720663147,0.0
2.9904510802234316,3.9480367512602865,aug,sat,91.64540510704127,171.37310972199307,693.8058562534931,13.605035584459305,20.699050018219932,58.24966719952735,0.8575006249647042,0.0015055911406287275,-0.22034413023633193,0.0
4.977803467494164,4.013533159042035,sep,fri,94.28017665180741,84.39451060484154,700.428266153202,15.82222327482043,22.116343352284012,47.05443773945072,5.345777882840952,-0.0014584121945913206,0.975552288707811,0.0
6.9848697666131105,3.982100887211558,aug,sat,90.39855531559239,108.43071375178864,534.2243943405249,6.100395784704938,19.482132920432676,42.799296155203464,5.790561820329758,-0.001151451725283847,-0.18803586757012455,0.0
5.999549075365732,3.0014403639123963,sep,fri,88.76589147680686,69.43613445911197,704.6600025180243,5.737804017074511,20.557964341264846,37.21783646913699,1.824875307934137,-0.001333206799039521,-0.3991208888200572,0.0
1.0383122956358941,2.007095428499348,aug,fri,89.84321192094951,106.43366494309362,532.1407317628074,12.446126719179539,14.504893494841276,65.7946004792484,2.707437568344151,0.00047770358938278883,-0.07163825548273113,0.0
8.016674995014544,5.927420667049912,aug,sun,92.15537993555233,86.77718096886294,482.79144908637124,14.730577876126949,20.81292087501642,31.654262507535275,6.286529429749596,0.001295664887957395,0.20675967863535374,0.0
1.9590969869780475,2.039027451481502,feb,mon,84.02320008145537,8.737472013497586,30.31259748172518,2.1063535073853927,13.823138816530067,39.67895903374905,5.412532300868998,0.0021268359404236943,-0.41015940334458856,0.0
5.956012884544461,2.958772939694772,sep,mon,88.64982021261272,93.88505083836306,710.1332603805413,7.087608294471105,11.292976791443907,78.23601968117516,7.572596999194836,-0.005018750969271113,-0.019010836247139038,0.0
5.040513088639931,4.038592105429871,aug,tue,88.948165381412,148.74518974117484,619.2355427004358,8.96947380097243,17.385656470755688,42.81337893805958,4.535795847898225,0.0009648395660059752,-0.9361099388894927,0.0
7.0,4.0,feb,fri,84.6,3.2,43.6,3.3,10.276862552972762,53.0,9.80257492324706,0.0,4.62,1.0
3.0092685737881446,4.04096176930031,sep,fri,92.11928093868903,98.38702658040151,741.0679590675828,9.540711008759798,17.35724437522962,57.3690738618101,4.523146433721221,-0.0011240193013485923,0.313976648848982,0.0
2.001827691458125,5.0058416625860565,oct,sun,92.4849377327421,45.02524863997004,696.6058356163273,8.758675132114762,15.24236441136439,35.32809772611297,0.9346278296419335,0.0014258474868575333,-0.0936223477545409,0.0
9.0,4.0,sep,tue,84.4,73.4,671.9,3.2,25.948973453061324,36.0,3.2811144682411264,0.0,105.66,1.0
5.028726805171936,5.033319963886025,mar,thu,90.93497288025148,18.2355883401112,34.680892594336825,8.097980112233595,11.45043159904712,48.02684921398135,5.354486871027115,0.001196392341503129,0.2847615397129977,0.0
5.042910510166145,3.997907204188161,sep,fri,93.40441238209695,141.17723209006022,704.1696304242537,13.79617367209946,27.50753723251242,30.17759087469682,1.3395968186764304,0.0020555802204628203,-0.5073575882489095,0.0
7.9877778528615035,5.991433709598468,aug,sun,92.17582291463326,82.39344515010706,475.3979002817042,14.819368444588497,22.42755780138964,29.472676863669545,5.404283689013506,-0.001094253805464513,-0.29092139918753357,0.0
3.0240923007184506,6.01890478289264,jun,fri,91.09935859587699,96.92471486415812,233.55145880469775,7.188686228547631,19.162597171374617,37.666724192567486,4.580584604429637,-0.0027979939826436235,-0.2885872225664561,0.0
4.910756042646677,5.985830229082742,sep,mon,90.76737025736787,125.25067157915495,694.4706241445441,6.993160624653496,14.804177201436506,69.39862091147418,3.5848495436601553,7.69529977041712e-05,0.10606867453498747,0.0
1.0436305346974422,3.9627222331987215,sep,sun,90.98074113469647,276.34103083150944,825.1123271056341,7.046349638924426,15.519118823478092,76.27292876264504,7.901285506541056,-0.0017923789541350267,3.8330362277746737,0.0
0.9770516922326015,2.9850694454372078,mar,mon,87.63309042637451,52.50264981256458,107.59868348067496,5.192779801394447,8.48199340230041,71.54446180198902,3.0878690132682767,-0.0003650806971402982,-0.048736247670196284,0.0
0.9297127263017673,2.0050651180872814,aug,fri,90.84000348938746,167.14690234186506,746.6025567762821,7.100568118453696,26.10995624699043,41.169015601550406,3.647404028290202,0.0010598091102381813,-0.31548414319344303,0.0
8.03448991567913,5.965297954509233,aug,thu,94.79786003820745,223.6757438889709,694.5372941965866,13.961390966199684,23.915762352425165,38.38327335420898,6.702890944269529,0.000678797788655004,-0.26913850633283976,0.0
7.999405266403797,8.014972284335068,aug,wed,91.85698796669152,192.61233918499727,635.7366166855797,7.888501537870966,28.99256223528031,36.07072218525306,5.007772860129125,-0.0006355771238923662,186.26519035816602,0.0
6.0,5.0,sep,tue,91.9,111.7,770.3,6.5,22.65524278518724,35.0,3.815776161691048,0.0,5.65,1.0
2.923501138781509,5.017194609765828,sep,fri,93.33461001224964,149.39969984679897,728.5976392679394,8.141367559561086,16.986349579347554,42.6264412044757,3.0291602707533283,0.0012785741839590058,-0.23641228830510047,0.0
2.0,5.0,sep,fri,90.3,290.0,855.3,7.4,18.579484610246634,58.0,4.214119733718632,0.0,9.96,1.0
7.972129315594397,6.0256486561292055,mar,fri,91.84273267211185,32.83174088664335,83.66827058314011,9.03772053012054,8.402440583635954,97.55376391895908,3.9177885033482625,0.20313248845158793,0.012082107468770196,0.0
5.992942837155009,4.042084834014337,apr,sat,86.34868020810603,26.931137240184416,104.89261554388025,4.95440371584377,9.419181134636816,44.34393070358782,4.508383384770298,0.0031348827750020693,0.30856706774371195,0.0
6.054205944006447,5.030728145986552,apr,thu,81.43601502439672,8.66306802056402,68.94797028231191,2.696868800338875,7.271888792397953,54.3399011062637,6.222481000763213,-0.0002321201311254538,4.69657602682688,0.0
4.018926510664757,5.040025844205729,mar,thu,91.46469910568383,31.540611583037627,78.22499651919372,7.547338735052092,18.34145976667257,28.792215219638873,3.1179954712977063,0.00021740671351699496,0.23498434118242317,0.0
6.978984556238737,3.9938350560696776,jul,sat,91.57884024088852,105.11213144411953,465.5661298917686,8.872780384110762,21.995915167214626,48.22195442458652,2.693459538255547,0.0003392258799269727,-0.4003949423602825,0.0
2.0422749924095887,2.0132645187934437,aug,mon,91.11378288159463,103.9961971540424,633.5836517500665,5.751309607347458,23.017130446265025,30.81369059250246,3.0758105437507526,-0.0007663982705392672,-0.2468001947367204,0.0
1.9989924062662794,4.9804592645151,jul,sat,90.77953262231442,84.8036984089614,386.8362297013528,5.611108261268996,23.682977169377445,50.91423021624454,1.7352151982533293,-0.002025083556885004,0.453424870403925,0.0
0.9953205129225519,2.0504081785271864,sep,thu,92.93930739214258,136.8511098125271,696.5912573619611,9.217405069787482,25.388579789386903,26.650148155585946,2.1979609862920517,-0.00207849790044162,0.32986981440517077,0.0
2.0006549080742104,5.044956471869428,jul,sun,93.90041654176912,169.15562796345543,414.0112552603722,12.347179917777684,23.443939055231237,39.70032794769081,6.293697303956444,-0.0012764243085650944,0.13344421336045545,0.0
1.0,2.0,aug,tue,94.8,108.3,647.1,17.0,18.6,51.0,4.5,0.0,0.0,1.0
1.0611118016904222,4.002209157846628,jul,tue,92.33769574819107,97.9634608730655,452.3337248539659,12.043653081912383,23.391565408507073,30.798447462387433,5.397794413745972,0.0012319700218323144,0.008404461377810687,0.0
3.035824756994826,3.9881873312628,feb,sat,83.84264501925452,8.928107583388645,23.338809879986815,2.460705867733473,12.69272715013757,48.0436127222204,1.8225326142614542,-0.0021775948084136014,-0.508873470213919,0.0
0.96037750966475,3.9995187169545443,aug,fri,90.52914235993264,270.31285586543385,813.732067783021,5.521758439434607,22.373839506200234,45.147168681393744,3.590065256595866,0.003390671724999021,0.5455916053147257,0.0
6.0,5.0,sep,thu,92.8,119.0,783.5,7.5,21.6,27.0,2.2,0.0,0.0,1.0
1.9969114970082662,2.013794745607933,aug,tue,94.46177441044888,211.8270084194722,678.6640252149697,9.433640195511778,27.7353162622404,26.98427615855914,2.1913499115777246,-0.002382011045593362,0.27273144258961624,0.0
1.0075450179046306,3.0115676874081108,aug,thu,94.66601534056068,221.7363404750633,708.8051004864396,13.925668064979032,26.23370374849534,34.08546109452515,5.799119482234314,0.00012299193584220918,-0.18784836983849165,0.0
5.0,4.0,feb,sun,86.8,15.6,48.3,3.9,14.485684140594984,53.0,2.6573105696576307,0.0,6.38,1.0
1.0,4.0,aug,fri,90.5,196.8,649.9,16.3,14.105185132716734,88.0,5.388883065817909,0.0,9.71,1.0
5.984379832048939,5.017501354160596,mar,wed,93.26563337391481,17.609889724775588,32.044612550247535,9.930146925017027,13.78205261364955,24.53581641895033,5.8131317338240205,-0.001085998834460394,-0.20524568818188774,0.0
8.87384759747593,9.031965752984716,feb,fri,86.6276743433203,15.28625319293738,34.64329707227804,5.466546946546524,15.71866061250475,43.02526810693397,3.05482263105184,0.003515686577066861,-0.6129053434301484,0.0
4.0,5.0,jul,fri,91.6,100.2,466.3,6.3,24.965370288643044,40.0,1.9541730387773932,0.0,2.64,1.0
8.0,6.0,aug,sun,91.4,142.4,601.4,10.6,21.403945923433923,41.0,6.301048739943637,0.0,196.48,1.0
7.899898775889725,4.960342213995747,oct,mon,84.97112800789694,33.80770858361844,657.6802424303607,3.0632267978038086,16.510490382805667,46.99538980728567,4.918913721942398,-0.0007934037348213835,-0.19277903058972434,0.0
2.0161347850215696,1.9835091682704078,sep,fri,92.24603219745438,120.36199669048997,665.4787279139204,12.135714783805506,19.57058341847902,33.053861432684826,5.4491745244511876,0.0019796544906532394,-0.0825254057757604,0.0
7.0,4.0,feb,fri,84.6,3.2,43.6,3.3,10.276862552972762,53.0,9.80257492324706,0.0,4.62,1.0
7.904655124679664,6.034056892785166,aug,mon,91.60602120001512,145.397486310079,612.3230711597988,10.768071857336636,8.101600243650333,86.58236125118738,2.201525048972447,-0.001165507520892933,0.2872096968302536,0.0
5.950167345205796,4.008687790416423,sep,tue,91.01622557770163,130.60145270549114,695.4648632588959,7.101418363717413,18.282727553374652,40.36862102002159,2.743307286434916,0.0006600680060791032,0.0655448897214643,0.0
2.9307868050601695,5.042308319005557,aug,sat,93.54351725738552,141.67840436662163,594.9789082975838,20.197460808059606,17.699286066450185,51.75202520315353,5.82781315748536,-0.0020806525852007543,0.5003117654991217,0.0
6.0,4.0,sep,tue,91.0,129.5,692.6,7.0,20.878507742982524,43.0,3.3739211840211323,0.0,103.39,1.0
7.0,4.0,sep,fri,94.3,85.1,692.3,15.9,21.63653476421096,47.0,5.025841615794829,0.0,26.13,1.0
1.9790345602443846,3.9901391742242835,sep,sat,92.50254412107131,121.3248594552422,677.0450672751897,8.611718363275502,24.03408496455375,29.393010785010432,4.466987876759649,2.1068761764596662e-05,-0.026448404397689813,0.0
7.96305304300986,5.995566318461235,jun,sun,90.6847808050658,88.50854892257426,288.25556835485514,6.427046837298815,15.572034347507206,44.710773818846256,2.1602589687516534,0.002188831694997321,0.3853154360052185,0.0
6.069647936045249,2.982714018190566,nov,tue,79.58984726248181,3.2154591977085683,102.51193631028245,1.0826613497234485,11.693447618355739,31.321462344135064,4.44085375489678,-0.00032337007103425206,0.5154787138446792,0.0
1.0,4.0,aug,sat,90.2,96.9,624.2,8.9,22.7112724560516,39.0,5.448993314221745,0.0,4.53,1.0
5.0,4.0,sep,fri,92.1,99.0,745.3,9.6,12.428276804316916,75.0,4.251501542009461,0.0,3.71,1.0
1.8708118156983233,2.0101210460138623,mar,sun,89.02711380264475,51.46152041231342,92.71341393873776,9.557273266937793,5.607430389656101,58.777202772068684,6.2727551030158875,-0.002079598313656491,0.38858131471953844,0.0
0.9816873427240872,1.9599314801233922,aug,sun,91.36074339156455,146.2583754528191,595.3776320298052,10.671073238196463,19.36642046325064,38.572710778262554,6.323035281377513,-0.0005427140022359489,-0.13005359487647428,0.0
4.0,5.0,aug,wed,95.2,217.7,690.0,18.0,25.01358739273121,49.0,5.747348168691497,0.0,6.43,1.0
3.0473439419954476,5.977451204648764,jun,fri,91.01986928576865,94.15266590576505,238.31239042114632,7.076867325339825,18.977435042318042,37.7519731979083,4.494757650864658,0.0015465832669606264,0.24271005110997884,0.0
2.0,5.0,aug,thu,95.2,131.7,578.8,10.4,26.3620419846974,28.0,3.264543712067618,0.0,8.68,1.0
5.978620424545919,3.004293008587236,apr,wed,87.98232493347652,15.847707716050381,44.42552513838096,3.673866508693376,15.064499998001766,51.12454902650748,2.6606404607244185,0.0006617638340901164,0.027523717502064088,0.0
3.000415921146582,4.030187399087859,sep,sun,89.61049062911026,88.62972744275241,716.0475271863171,4.661309156759237,22.691218379905717,38.66861151306918,3.626618358335825,0.001702051507823668,-0.42997953980725506,0.0
6.034390578205257,4.0259424569381395,mar,wed,89.08466215375277,27.34502229239967,62.14815429609703,6.358549779023182,15.949260335861112,34.56068879455043,3.966053519226809,0.002652895266303287,0.4366769648230032,0.0
7.924340761351646,6.020868893291297,jun,wed,91.29539579084187,151.18711361438412,379.8539656085633,12.693363726409311,19.34605976840262,43.012307375512336,4.916125998854201,-0.00013257097984126215,0.5289560304153376,0.0
6.986194771729944,3.9646044170432835,aug,sun,91.37925223405931,144.0179227858141,612.1576761013418,10.59268011308404,16.192335238910665,60.00746965228511,5.353805674409829,0.0005384826389016725,-0.45390588291916467,0.0
4.031293574772581,5.044404715851444,sep,sun,90.90627896154511,275.20964976875507,830.4195889908952,6.933504068569074,13.781063389641055,77.0789314656022,7.560556424772533,-0.0016450541651932906,0.1819483043898622,0.0
7.0,4.0,aug,sat,91.6,273.8,819.1,7.7,18.657329283336757,72.0,8.551944500344296,0.0,1.94,1.0
6.030320918440836,4.9700719352123235,mar,thu,84.8168375153026,21.63670640619133,56.80300862074447,2.988423996316482,6.917173200137473,69.56480095672008,5.118642048645484,4.471702981665524e-05,2.2078145456080494,0.0
3.014670101288324,5.960148845560446,sep,sun,92.61155773521844,122.13515772002249,677.0067868742076,8.548241737851617,17.30786394525593,57.956376314339074,1.2820918399732784,0.0004320925102377891,0.3520108929627317,0.0
4.013787842085322,3.946442594250791,aug,wed,94.97900581993127,141.12198025136988,605.9869086727797,17.52572033129645,20.47239811700438,58.26194474426319,1.3100965683424735,0.0003922099463422472,0.4647362587773366,0.0
1.9452633871790885,4.022932599052474,aug,wed,92.27041723255603,91.40432826958751,510.0593893019752,9.69914641230123,22.5446325618308,69.82516320792142,2.755573113251246,0.0006401931616192236,0.6536517225292583,0.0
6.051404497044699,4.977653552746364,aug,sun,92.18918494198456,202.91977020179777,663.9097317525694,8.179082429710393,19.26723431336774,69.84500375565668,2.2522180086377035,0.001330952970554773,0.10236480832263865,0.0
8.004483245182774,5.993703894976481,aug,sat,93.87698477704697,230.67244014436983,718.0117262639783,8.339891907708155,18.72314019472762,63.97949888483659,4.93953822656313,0.0008658817680344735,0.0833024765724036,0.0
3.0,4.0,sep,fri,93.3,141.2,713.9,13.9,20.753649760438307,49.0,4.475359162511613,0.0,35.88,1.0
5.975239863152758,4.990541457601645,mar,thu,91.01974189739742,17.2731901613573,24.56177986133546,7.857640107973232,8.923253288515221,51.13079353150583,5.854149601970309,-0.0024368374929847297,0.542660329443968,0.0
1.99853637064892,1.9844720605247352,aug,thu,91.60881678494717,248.24513806352425,756.5768421313492,6.0578946761138095,20.381253970960575,55.76108745080452,2.1798107128058404,0.002182819837347895,-0.2697819696073687,0.0
4.0,4.0,aug,wed,95.1,141.3,605.8,17.7,28.7,33.0,4.0,0.0,0.0,1.0
7.026731248151954,4.011529793398648,jul,sat,91.59916269531814,103.93694663181154,479.7650430928733,9.02488802956092,24.152450893907726,32.23214902953582,1.785000552713044,-0.0012591983647364893,-0.08975963210696103,0.0
3.0,4.0,aug,fri,91.6,112.4,573.0,8.9,12.240614392350478,84.0,8.335859436812765,0.0,3.3,1.0
2.9794745921445673,3.959029206193581,sep,sun,92.25771945937517,123.92786777035346,682.6684927801232,8.38594141079316,22.411103840574416,42.44034969727113,5.411420474284369,0.0010042879206754855,-0.6693118225004309,0.0
1.9879299363783032,4.011666786212496,sep,sun,92.4330784936526,106.16120043667978,760.7930992398673,9.701955275722142,24.812805934359268,27.208423076629703,2.1843989984724974,0.0005665580057468141,-0.019258838626400647,0.0
2.0613532874698692,3.026345821877459,sep,mon,91.6356383559264,109.11920023987746,767.6121983150731,6.151433495060502,18.097311227730383,51.17490100474442,5.422465722078333,-0.0006758618029732214,0.1590351596540821,0.0
6.0,4.0,aug,thu,95.2,131.7,578.8,10.4,23.032824384460778,41.0,4.624823963410431,0.0,1.9,1.0
3.9234228855683857,5.981233465765895,dec,fri,84.65293264823985,25.90451922029075,348.4182526525497,4.231109628136606,5.280698818511743,58.988055864420396,5.548101198658934,-0.0004071947788671319,8.951892915055799,0.0
4.0,4.0,aug,tue,95.1,141.3,605.8,17.7,20.79985179647211,71.0,8.33355641233196,0.0,46.7,1.0
7.06271218929447,3.988899108978359,oct,fri,90.15518037015534,43.09665832618908,675.540339444348,8.675598559829337,11.121088684995811,59.26347524145608,5.3526070531997,0.0010494621290419665,0.4265169739714674,0.0
2.0,2.0,aug,tue,94.8,108.3,647.1,17.0,26.407458859791845,22.0,4.834553811289536,0.0,8.71,1.0
7.033661760713909,3.9719287768468665,aug,fri,94.68790476891864,226.1815135375803,704.3510210792589,12.069746353941069,23.265138630744005,34.525082049219705,3.05780960113211,0.0010411869691606635,0.024401121435533486,0.0
3.0,4.0,aug,sun,94.9,130.3,587.1,14.1,25.82621666739811,40.0,6.259390922791401,0.0,1.29,1.0
3.0,4.0,aug,fri,91.6,112.4,573.0,8.9,12.240614392350478,84.0,8.335859436812765,0.0,3.3,1.0
2.0700264987861448,1.9751284377747227,mar,sun,89.140099672536,52.67421455478881,95.11011406302877,9.686718525856444,11.550449947498606,38.89244972923838,5.788894151035445,0.0034819942635265374,-0.10694937534903809,0.0
2.9179786359862927,3.988310224043442,mar,tue,88.28553459200992,25.126119933006454,69.99102781424267,3.7658257135278013,15.82684240744475,26.434064332375154,7.535897537295047,-0.0005836686587066145,0.0877745725110847,0.0
2.961339649446962,4.011960675595787,aug,wed,93.19962875266287,156.64424870356487,669.0606772685369,13.509557410166993,23.4401787125936,40.43708752662938,0.9928586114614648,0.0005963433923091447,2.5501736516623983,0.0
7.9901023717395265,6.010560733506746,aug,mon,92.2551675574783,87.92921241659188,500.2625010474204,8.311832216784692,24.280970036004824,26.872316839404746,3.1057964909182605,0.0014088270742764798,-0.02033384895969548,0.0
1.0,3.0,aug,sat,92.1,178.0,605.3,9.6,27.22636574532736,40.0,4.30448895104029,0.0,6.36,1.0
2.0,2.0,aug,tue,94.8,108.3,647.1,17.0,26.90583814442044,22.0,5.306547782600516,0.0,10.01,1.0
6.96885963663485,4.998669903830468,sep,sat,92.66610481668637,70.53898107972589,712.0012630503754,22.523649389037786,19.291087314924887,37.747905072237835,4.008783000760618,-0.0005796769515576786,0.2064509952236968,0.0
6.974135779899467,4.014447117740031,sep,sun,89.88205320421864,82.89467356956044,714.7794172442531,5.70133191305861,17.025281776540208,52.94977327997573,5.352196568634469,0.003020127215285291,1.1864780401232073,0.0
3.931057359543219,4.971848350260323,mar,fri,85.88752085454284,20.555231811426058,53.558583699878575,2.647945239143813,12.729606939113587,52.15189649712406,6.271542499194928,-0.0038455738118379087,-0.047508444638356316,0.0
1.0164776314965147,1.9994516838465897,aug,wed,92.34531733127932,109.48876333494145,650.3301777373764,9.47819589998205,16.61752467505529,46.96236191738866,0.9029755409781967,-0.0011927946704938103,0.5379322525360744,0.0
6.995126505976406,3.9819913608337614,sep,mon,91.43843471845263,108.04188875108098,770.5417799533775,6.314796363610054,19.266329571719563,44.54924102926428,2.214053747470336,-0.004411943684278311,-0.08246277740462755,0.0
3.9748525753602357,4.996543665523648,feb,sun,85.08566937966678,10.051395952370154,53.1424476516227,3.51303794175412,12.295596595071196,62.40642108720625,2.202995116100164,-0.00020643679409623533,51.74107391126539,0.0
6.05093387357227,3.0105416237197176,sep,mon,91.3091851533209,130.8206685540742,814.4466669615439,7.454904687668887,20.67138951584002,37.17801792434906,1.848279743151966,0.0015266285544515235,-0.7053374122068699,0.0
2.0,2.0,aug,tue,94.8,108.3,647.1,17.0,26.90583814442044,22.0,5.306547782600516,0.0,10.01,1.0
5.8835661658069816,4.984177616083624,aug,wed,93.01464651379312,155.44554946838022,669.7235637955893,13.688844471758868,22.015012459427762,37.113970218509145,3.5924629469140004,-0.0008788348465886903,-0.19424632758187158,0.0
2.0,2.0,aug,sat,93.7,231.1,715.1,8.4,24.626767038578656,42.0,2.4155492580804654,0.0,174.63,1.0
7.983055778594083,6.019032212998642,mar,fri,91.58570317851519,34.48466736495485,77.40023685966707,7.861371542389443,17.468472471065564,24.112009116528274,5.419506377473094,-0.0015288416245230261,-0.18351551993197707,0.0
6.0,4.0,feb,tue,75.1,4.4,16.2,1.9,6.293642064405174,77.0,5.567695987546208,0.0,2.14,1.0
7.026689478685961,5.031748067360373,apr,sun,81.9247575797678,1.80998969101034,10.76930241833756,3.485166471809425,13.498303364024604,74.4554962277075,1.8038706292338584,-5.2086236777791664e-05,-0.4290049312489598,0.0
4.0,4.0,mar,sat,91.7,35.8,80.8,7.8,17.690127447955128,27.0,4.975220855138039,0.0,28.66,1.0
7.984918706964088,5.9872693637393555,aug,mon,90.89936478531,105.39039649093243,625.9073225724292,5.903385224380403,23.466602609158976,22.095065034396065,2.6931485328098486,-0.000693643371749791,0.5365687191633984,0.0
3.9677876452750303,5.0214342102992555,mar,fri,91.1522540533244,49.07589134768063,102.88920596470585,12.515206689740094,15.843493236294913,26.923824832169263,7.640195401493509,0.0016366381870174082,0.25086210974888495,0.0
2.9553528091519583,5.041934547991102,mar,mon,87.3948278610002,52.457073718768505,104.97865695275746,5.092683069900199,9.045030927332594,48.58231169942639,2.219034033345214,2.4730740222310265e-05,0.8350372234501959,0.0
2.9972224684752744,3.9599991193532627,aug,sun,91.32850929369496,142.61632497944768,611.033645945791,10.442344341788845,11.640792465927877,87.40497598927593,4.5095356725767015,0.0011788286033989131,0.19697528450484222,0.0
7.941169547677331,3.0221808298909,sep,thu,93.42024021029442,81.34857839951803,686.071516864806,18.034307541647646,25.40751274300658,26.361865650893655,5.582070379369751,-0.0008858947069681749,23.728155884053095,0.0
1.0,5.0,sep,sat,93.4,145.4,721.4,8.1,31.353499532670583,27.0,3.2754600986089706,0.0,1.46,1.0
2.9419816443326283,3.9963195130151434,aug,sun,91.30028065499312,142.11321626569764,598.3652356233699,10.77259163962529,19.764777342693463,38.71339210054054,5.389770792038131,-0.0002695322126608152,0.23356264241312982,0.0
4.0,5.0,jul,fri,91.6,100.2,466.3,6.3,24.12466828446693,40.0,1.4593235121289692,0.0,2.64,1.0
4.106038220098557,5.003930880375586,mar,fri,91.7617254735312,32.929155476947194,79.05031763561426,8.909173604759328,17.168066768980722,25.55470352093728,4.501136768749832,0.0015654465350101508,0.10816441610601422,0.0
6.9851372042003,3.9834209270220717,aug,sat,93.45242515012299,139.70986690910408,586.6339921398653,20.4687943693354,23.682058719725248,31.976262282880626,5.768829191552499,0.0009696501860844358,-0.03277737787928962,0.0
7.021620913822693,3.0102724682280435,oct,sat,90.59191572189614,45.58150004698256,684.8863532960033,6.7851142793894175,17.87163277196108,27.427617103257024,3.9958650255395547,0.002417452881453724,0.24111118483214222,0.0
3.966894401017367,2.9562439069797635,mar,mon,87.68555783551382,52.53515585974715,108.94168517701038,5.047878113273761,13.269750582347973,45.990286088371725,6.222354754276996,0.0001541433786054671,36.894022960665744,0.0
3.0644396105815757,4.006854579278614,oct,sun,92.75220500212248,45.60596721737808,694.5791309522795,8.884226932134096,20.761245758846098,24.63459472220438,5.378666036380769,-0.001853841542579154,0.21310723982604685,0.0
1.9536199519499113,1.9882076118162177,sep,fri,92.25326217599664,117.08467893497486,676.7244975870063,12.221409349720867,19.526365073573423,32.90253252988281,6.321284607516892,-0.002201011712629274,0.4097251578715439,0.0
5.0,4.0,mar,mon,90.1,39.7,86.6,6.2,15.08293152152541,40.0,6.062701927200128,0.0,0.95,1.0
3.99092843914294,5.026212069121098,sep,tue,91.1095539781979,131.09642951418968,810.4157967443124,12.571155013530934,16.322818835406807,27.00215180717714,3.5917349953605875,-0.0006025259577524978,-0.015962924911992925,0.0
0.9650278769254844,4.00096117665732,aug,sat,94.39620082157202,147.6837564309158,619.4533452340476,11.293664472429198,25.566109363791774,41.83594506153115,4.045757551349186,0.002404819699718466,-0.4507336266822916,0.0
6.0,5.0,aug,tue,96.1,181.1,671.2,14.3,35.502490855480474,26.0,3.113488362436076,0.0,40.54,1.0
4.0,4.0,dec,mon,85.4,25.4,349.7,2.6,6.47371592430342,21.0,9.065385474752832,0.0,17.85,1.0
2.9773968885499955,5.011936210046041,oct,wed,91.48712183185512,37.61727916949837,676.4622233524882,5.224354733577318,16.017547188525267,45.88291992217597,3.5847696689935127,0.000942219796898229,0.05663880940341889,0.0
3.9897000028123784,4.969255504403572,sep,sat,92.4872151601179,119.60719889394238,680.8299905254729,8.52133883915519,19.448041932744076,25.121619639361658,3.5472225777944013,0.00178260010470029,154.98067871808252,0.0
6.961074989521288,5.003173325856706,aug,sat,93.73137596614599,230.51063118589676,722.0167309962919,8.503673639435577,26.25657095371503,32.84792704690442,3.6456661447092937,-0.001722197906469171,-0.5088535700711742,0.0
1.010532791480742,2.0194183033805193,sep,sun,93.39349804842553,148.63684095957285,737.5265420503586,8.247101745759604,25.298580447910446,36.03246786495223,3.6179324335227854,-0.00014578625943012952,-0.16413638288722635,0.0
6.0,5.0,apr,thu,81.5,9.1,55.2,2.7,8.265640059558098,54.0,6.380342344419788,0.0,10.93,1.0
4.027916850245162,3.0614546635933584,sep,mon,91.6067514906846,108.96403344841642,775.2093724958642,6.355154756245437,9.779975849884075,86.02702510174552,1.8243334790872412,0.002002828741374132,0.40089540680247016,0.0
4.0,4.0,aug,fri,94.3,167.6,684.4,13.0,25.03162105624264,53.0,3.951068168488641,0.0,6.54,1.0
4.00050919958524,4.976334019172907,feb,sat,84.62037580189639,6.849919955409806,62.89483854923424,2.824028710481531,14.259052695315669,46.39887226357935,3.9941078628290234,0.0004660172357217129,0.1773362675438064,0.0
3.0011825559640273,4.021906612546162,aug,thu,91.44312478820403,246.0131936563823,746.2187255393267,6.240486317896878,16.85523712114883,56.10880019284709,3.0887402541832305,0.0003453797581408101,0.200340149381598,0.0
8.0,6.0,aug,thu,94.8,222.4,698.6,13.9,28.92851485108469,27.0,5.2272018460640375,0.0,746.28,1.0
7.0005897803444235,4.002684758346954,sep,sun,92.13044956758252,108.41952665144163,760.524371888528,10.08186859892999,25.535594230564605,26.90732894867575,2.70959191091853,0.0007187163423779746,-0.0010453173927560682,0.0
8.0,6.0,sep,fri,91.1,91.3,738.1,7.2,22.756758672625622,46.0,3.3660671633088493,0.0,30.18,1.0
4.06519301884285,3.0247821158496384,aug,wed,94.56496506098452,137.89044199181427,695.2210576010873,20.10183888987571,30.937508776636054,28.997283916683383,5.923224920808098,-0.0003705950809314458,49.11406681200629,0.0
7.0,4.0,sep,fri,94.3,85.1,692.3,15.9,21.63653476421096,47.0,5.025841615794829,0.0,26.13,1.0
3.0,4.0,jul,sat,90.1,51.2,424.1,6.2,26.367135123214872,43.0,2.273971389126463,0.0,1.43,1.0
4.056797863487519,6.019291588353235,sep,thu,93.66431082497662,80.0643137181321,681.5094339365324,17.741115697134983,17.501591775258998,42.16932770077123,3.102509836314844,0.00030645910912299783,-0.1735988511149605,0.0
3.9466569599351247,3.9722104950803048,mar,tue,87.85708255520147,26.89291098717986,71.20760943617337,3.8315195308411965,13.979584464227369,42.814527933800655,2.70967049183534,0.0004269758201861214,-0.05464095724156417,0.0
6.014026204793751,5.018666562745245,aug,fri,63.57093713219127,72.28711391784877,658.7146162957397,0.7116128660062574,17.07633396568491,72.2387684290626,6.729102694365042,0.0009469679745391972,0.10773206415417326,0.0
4.017107747610188,4.0070328613479385,aug,tue,96.15300043194206,180.51239705196517,667.1278245685396,14.34764002646899,20.59917086605145,69.18747323920456,4.879683291812589,0.39899886213828384,0.07705594667535653,0.0
5.926820761635201,4.999215535158925,sep,wed,92.69357045817335,114.59033425087645,773.0832998236114,8.806021530294789,24.291832914100404,26.651737577655734,4.929827493642067,0.0007632879140145269,0.40602037723339035,0.0
3.9801751638494958,5.037290502606194,jan,sun,18.86291109718739,0.46985054035169305,169.5445410962008,0.14679047259591776,5.060366411105471,100.12351781246737,0.9088946523582161,-0.0025107876623650005,-0.38522272939408353,0.0
3.0616179774215717,5.00275144125096,mar,tue,88.10932306385638,25.81626378031787,69.15664476450928,3.9222446229865615,15.593617044599831,26.867951640215388,6.226400487350916,0.0011081558870603735,-0.07160867861549453,0.0
1.0519264047552772,4.022982904740099,sep,sun,89.39624957862489,86.02669187234972,709.9180364307254,5.6536720100317455,19.195583109808126,51.9587031009804,2.1957467715444206,-0.0013830233890835513,0.21785325674256142,0.0
5.0,6.0,mar,sat,90.6,50.1,100.4,7.8,16.501896687959665,64.0,4.59959965824909,0.0,13.99,1.0
2.026642805495429,3.9958234819684906,aug,thu,91.66184139599919,249.5268905399345,755.0087751860611,6.240449658252432,16.620977964037564,58.447379061961314,2.7281393755261436,-0.0010066117358400865,-0.3580047486807084,0.0
2.975735787754585,3.973429191584417,aug,mon,91.50888189278817,143.917711987814,609.4600736586513,10.71341389251806,10.34308770475746,73.72202833006476,2.185595279115494,0.002864160716095522,-1.105487271032504,0.0
4.0,4.0,sep,sun,93.5,149.3,728.6,8.1,24.495753198553405,39.0,5.135953358595872,0.0,48.55,1.0
8.0,6.0,aug,thu,90.7,194.1,643.0,6.8,19.56008458329481,63.0,2.9836903992771213,0.0,16.33,1.0
5.0,4.0,aug,tue,95.1,141.3,605.8,17.7,27.423956100238748,34.0,4.1667324210573895,0.0,16.4,1.0
7.0,5.0,sep,tue,91.0,129.5,692.6,7.0,22.663994939209832,37.0,3.130636491502312,0.0,17.2,1.0
5.925612006379668,3.01189946370486,feb,sun,84.99818326722318,27.452113878613428,360.27238157605916,3.5579089217675914,4.195170912717269,50.738239529517756,4.040044896464955,-0.0008825134316680859,-0.08624679760500496,0.0
0.9711343672132281,1.9977861988181513,jul,fri,90.70502520649086,79.9883915567169,369.0414564084346,16.84062122813865,15.02960845535796,77.74738646607182,7.992319276242353,0.0008167575599226307,-0.3983872457251149,0.0
1.9610177154277653,5.001281492181983,sep,mon,90.75530152086827,127.37904987012563,689.2108204602771,7.146159416855498,21.934412266746893,39.059438806150254,1.7869473074089564,-0.0006437547086199148,0.7402119100534444,0.0
8.006047129122392,5.987103466295904,aug,wed,93.40223123264488,157.4889477434067,666.1325005810796,13.520239301847798,28.50750544075848,28.172857773819583,2.711346348844171,0.0014051832557838157,-0.3122991669610076,0.0
5.953326523297354,2.961531464006053,sep,fri,92.38852428297504,123.11826830397268,795.5719017480338,10.189366250892181,15.94613051928861,54.991205921446415,3.581767442020331,-0.00012021038440327023,0.5258352010338672,0.0
4.979590236229894,3.9316206426846865,sep,fri,91.88942813947058,99.33907229815021,751.573265321541,9.685406066525829,9.90764373572811,74.82996713456888,3.599273962599829,0.0004886386406833008,-0.039510969489765325,0.0
1.0,2.0,aug,wed,95.5,99.9,513.3,13.2,25.548357076505617,31.0,5.109419476234008,0.0,0.55,1.0
6.8851426687593165,3.997717182401343,oct,sat,90.5686092734149,42.65718367746384,683.7325891560224,6.65381137106741,14.531950337962364,32.97475351000073,1.2582559023297828,0.0007429633421751705,-0.08494965597747368,0.0
2.9386801778057405,3.9787199147985715,jul,wed,91.9594031138639,133.937507182131,515.9680826591621,8.134255721775794,14.144010450859303,57.879880774768665,3.9686558218566304,-0.0024323123446367296,-0.17976235164679372,0.0
3.0587195553941227,3.9798563058278575,mar,mon,90.1659592103158,39.203636379361924,80.45140041659208,6.1732165660030525,10.699815501594358,29.670806445016705,4.001134458091317,-0.003740443635196594,-0.23709397760088002,0.0
6.0,5.0,mar,fri,91.2,48.3,97.8,12.5,16.787849009172835,26.0,9.870588523699572,0.0,2.53,1.0
4.993891066453576,3.984963320515371,aug,sun,93.81169909536095,235.8790651975263,719.9656869445075,10.130700044442447,24.094187677582045,49.73114704550055,3.956252618530674,-0.0002792518582100697,0.11570854304752784,0.0
6.886699768359386,3.9451001362648572,sep,mon,91.04108747971303,126.05900237593983,684.1187640874075,7.208682693842077,19.64502592161475,48.09561409842634,1.2935272484899387,-0.0005927419836937184,0.23262393302151316,0.0
2.912477128994488,4.013122334321124,sep,tue,84.4838905724378,73.32829095291949,670.3449008072022,3.260001561487019,18.001654830616612,45.29901526204071,3.07062440536771,0.0006581952065955032,0.31396151396382527,0.0
4.0,4.0,sep,mon,90.9,126.5,686.5,7.0,19.693251387631037,39.0,2.535555920886714,0.0,3.07,1.0
1.0686249360191198,2.983239414960612,aug,fri,95.94749720318659,160.62205288677276,636.7709028209687,11.309316013673946,32.25289819730046,27.129406013297427,2.2106275705842964,-0.0017725035859985205,0.3750090027117288,0.0
8.0,4.0,aug,sat,91.6,273.8,819.1,7.7,22.764553750969444,44.0,4.998405471736676,0.0,12.18,1.0
2.0,4.0,aug,sun,93.6,235.1,723.1,10.1,23.185445255346583,66.0,5.419866461085846,0.0,15.34,1.0
4.033323043141363,6.042425577920916,feb,sat,68.20858393745651,22.975082730426937,86.21594342653829,0.7576343228752698,15.307155002715314,39.56260829208246,2.7328606883070887,-0.0002902781628730242,-0.28331785864811493,0.0
9.054810462866213,8.98723161511925,feb,thu,84.27396284792515,6.939400677604235,27.544239958731357,7.714302624588787,6.782291750174373,78.66228312079502,3.0711869215740886,0.00015846081975529603,0.1405298821078265,0.0
2.0,2.0,feb,sat,79.5,3.6,15.3,1.8,6.364034067105283,59.0,1.3867840402705367,0.0,6.84,1.0
6.0192374510443925,2.9871286355205555,sep,fri,94.27464883641278,85.16934497944757,689.4613780146971,15.810531881363406,25.258568302717556,24.2091107606443,3.5797647288877026,0.0005685653689444515,-0.2432592655466772,0.0
0.9333544168277609,2.014179156601825,sep,thu,92.81914675438688,138.8139873106863,707.3425906056403,9.410386724356686,21.449904640937238,14.797363539559445,0.942012729549874,-0.0030449938694861725,-0.20827650522214963,0.0
4.0,3.0,jul,sun,93.7,101.3,423.4,14.7,28.19952984778673,45.0,4.536373251011699,0.0,7.36,1.0
3.9613769394441585,3.9649868798410384,mar,fri,85.9822165064199,20.700412092603226,49.18429861112955,2.924943377585845,13.739667103749575,43.04205637533925,5.836818916425667,-0.0028700097279091017,0.3074094796133056,0.0
7.926742779715336,6.038308072837809,aug,sat,89.40655181897706,253.21105015341737,771.077405137423,9.811606847279519,14.260902832419006,72.92465276769293,2.7615684706794723,0.0017429833546204476,0.9468800692527328,0.0
6.0,4.0,feb,tue,75.1,4.4,16.2,1.9,6.293642064405174,77.0,5.567695987546208,0.0,2.14,1.0
3.020020164512606,5.986043831547778,sep,mon,90.78211100320048,126.146536887799,689.0301652069803,7.153607294045501,15.660852867647964,66.5686364918453,3.1038488879936024,0.0032757404848758253,0.06238761292383544,0.0
2.065972637394056,4.020188677977543,sep,sun,50.55847982257543,45.627498030101776,713.6131927453309,0.4548558206341364,12.016851100444494,78.23302180908979,6.309592563136107,-0.00011617134102247699,0.1136247894328742,0.0
4.0,3.0,sep,fri,90.3,290.0,855.3,7.4,21.458071281899432,44.0,3.469871486175635,0.0,7.8,1.0
4.997677537731923,5.9963056265389625,sep,wed,94.18621626369547,84.55931310776624,691.443393502549,15.813356594855597,25.975366202494303,24.563167537704327,3.982823524160882,-0.00233188735343645,0.060998117192018086,0.0
3.0,3.0,sep,sat,92.2,102.3,751.5,8.4,25.58152464456096,27.0,3.493948476325512,0.0,6.58,1.0
1.9437490492634133,1.9741251369757422,sep,fri,92.6016949752168,117.97842782935606,669.81489435228,12.35026225461263,22.96744160296732,37.40133886143974,4.484844813421112,-5.36368483261325e-05,0.13630983970998334,0.0
4.0,3.0,aug,sat,94.2,117.2,581.1,11.0,23.48728890641592,44.0,3.0503026926886894,0.0,0.68,1.0
1.0755268579939627,2.002493046548925,sep,thu,92.83293168465552,137.99727374930404,707.428604637308,9.22833932681387,22.543636075128607,33.837896718491905,2.2475017671283095,-0.0006379067303498582,-0.145462040982903,0.0
6.94143181355269,3.9944053663731776,aug,sun,91.3797386329602,183.72291233772,617.2408049051768,7.613193115575849,19.347786045650384,61.155515752391125,4.891530156784194,-0.0004114469855007692,0.030087013009159218,0.0
2.9853581030362766,3.9906618221801113,sep,wed,91.11606767233324,134.12323530609683,821.0758196614454,7.195950058713946,18.2101338599107,30.10522733869187,2.700819884370201,0.0002040572699761958,-0.009976849158967545,0.0
4.01716100894731,4.980050815474967,sep,fri,94.42862132800484,85.00024872519509,689.8470471030632,15.962698573432489,17.77853273342299,37.39991176093519,3.5962584985294948,-0.0007043584504798093,0.11097673381230845,0.0
5.982561703461979,5.027486918826596,aug,tue,94.28446227866112,131.51411415384945,603.1840447262264,22.82641219108418,19.309760381164818,55.48421105856317,4.0297495852347485,0.0023771457084917195,0.27696079162415355,0.0
5.968791529206745,4.985472553737941,sep,mon,90.93072647951664,127.334321800323,689.8641917859748,6.982471213141666,21.305571903168342,41.98031191796223,2.1900170565253028,-0.0009621935112162501,0.30298183204539086,0.0
6.064669803232792,3.073520558377463,oct,tue,90.60483128203401,34.12551161129195,670.5772834739585,6.6857633626131205,21.638432836673424,23.566303590580045,4.468659072494397,-0.0028751571405520636,-0.07797105440001491,0.0
5.98731652103599,3.045295501858324,sep,sun,93.4123340212348,147.63209848094633,725.5638978995978,8.038412742046127,22.910875732881973,39.07916366480283,3.6144052024950146,0.0014984392884280296,0.4729005414750549,0.0
2.0305560011390944,5.0191030880310725,jul,sat,91.47259924680138,105.13276477756597,472.44627234108776,8.938260440206765,18.524474197550955,53.27944094024291,1.825033696174084,-0.0015760785965066178,-0.24254489756831987,0.0
1.9361748750907586,4.989843333838339,aug,fri,93.89192535403363,136.4564896084323,581.0990945500605,15.309331989302509,26.10843344697115,35.87005575655293,5.931634178198824,-0.0014692187853975274,9.81438170949006,0.0
8.0,6.0,aug,tue,96.1,181.1,671.2,14.3,21.6,65.0,4.9,0.8,0.0,1.0
1.0,4.0,sep,mon,91.5,130.1,807.1,7.5,23.536916460455892,35.0,2.655806080093356,0.0,28.19,1.0
7.045211097678116,4.072217327977802,aug,sun,91.84871108940325,174.56050628853762,694.1892362821254,13.751495875879053,21.793360927041075,73.1242862193919,7.6146849421128175,1.00179410652627,-0.057319625130659066,0.0
8.043120200957052,6.021315789815895,aug,thu,91.70022082363502,247.1539540891793,766.0531903801531,6.250997359448097,20.57123272239108,55.69270202963977,2.212522283119854,-0.0007706437436833282,0.0702691207093825,0.0
5.927206124991758,3.047480348341422,feb,fri,84.21210593073043,9.078204290471822,52.72343965869593,2.692811004579923,14.758273262654894,41.87579290733119,2.7102333345104066,-0.0001332799497691337,0.2108739411530417,0.0
3.016749459538193,3.9708927651553085,mar,sat,68.96747062932647,1.6536625272673504,9.126570910998636,0.822639498524337,17.305413300428473,23.841723037188988,5.382202161945099,-0.0007192908114281964,0.11731679760284253,0.0
3.9423282674839397,2.9954664533399282,aug,wed,92.14095681826711,110.47751322010292,656.2385034645797,9.548462548634326,20.318832551314234,42.02257292287312,4.8676501467865,-9.331627356188498e-05,-0.5991967392217794,0.0
3.0783051475372902,3.9744617137939664,mar,wed,93.36101733988944,16.102279086745874,29.429497710555868,10.001651045709067,9.017057250877732,34.899177820427546,8.097669143714741,0.0009470182874904002,0.03664217210874217,0.0
6.0,5.0,sep,thu,92.8,119.0,783.5,7.5,21.6,27.0,2.2,0.0,0.0,1.0
4.0,3.0,sep,fri,92.5,122.0,789.7,10.2,19.177305941998565,45.0,4.6153113926111535,0.0,3.94,1.0
5.9860672877742465,4.990078440804772,may,sat,85.11007127399246,27.643459907170794,111.9937345614609,3.523599337715997,11.166862675190302,93.84608817896272,4.9149485437133755,0.000896274746456992,-0.5878037027769115,0.0
3.944097529150451,4.041510419594065,aug,tue,94.64632153460124,108.103247515356,642.7905634907933,17.077901299354487,16.524741608012224,53.37709421525696,5.38011665955587,-0.00045772056326616743,-0.31835825794374273,0.0
6.0,5.0,mar,sun,90.1,37.6,83.7,7.2,14.160412881077356,54.0,4.119535219709767,0.0,12.1,1.0
5.045695214061763,3.9933034030029493,aug,thu,94.90781370018986,225.02526596364402,694.5340394702014,13.857055336702311,20.33387012756217,42.25619134545468,2.7179405488187744,3.453260568907943e-05,0.7044769653778191,0.0
3.981837364543544,3.9799319519259844,aug,thu,95.90812649198162,153.79668033022523,628.7951477503516,13.881532664460273,32.08416164468608,20.427875815363464,4.457439692095897,-0.0014734730375106047,-0.4910700903233489,0.0
1.0,4.0,aug,sat,90.2,96.9,624.2,8.9,22.7112724560516,39.0,5.448993314221745,0.0,4.53,1.0
8.027156301106311,5.97939786746109,mar,sun,89.36827941131986,51.62105311304277,102.89497610403254,9.656099791655576,11.327447956861086,99.2116834019101,1.7774101717487376,0.0008993348425189095,0.12706651617763087,0.0
6.028091545824196,6.011886429716056,aug,mon,96.28767450607162,173.04028786781242,661.7021488078121,16.699525519814156,24.016132417900963,42.38349722190062,2.1236500376355565,-0.00033467588396295746,0.48633317030007384,0.0
6.0,5.0,sep,sat,87.1,291.3,860.6,4.0,19.19265868986442,67.0,5.512593847338114,0.0,3.95,1.0
2.026459282184252,4.0097924688168565,aug,tue,94.80460374090819,109.58034641782173,650.8639893981398,17.004889346532465,20.079637992586818,40.002452828871604,3.9434902687290543,-0.00032373670621262357,0.06424363852411458,0.0
2.0066828899861147,4.005608141589067,aug,wed,95.32823379507046,217.2988801225716,682.6246188902493,17.863976990478744,30.94069530565202,18.703407684698615,4.516054626698665,0.0012268542540547918,-0.013588794583830466,0.0
2.0,5.0,sep,tue,91.0,129.5,692.6,7.0,18.86073900481629,46.0,3.771531924640404,0.0,7.04,1.0
3.949227391517613,4.976410258137746,feb,sun,84.9936759440136,10.092968673471992,60.17613316374129,3.566393305722556,11.320574537531035,62.39261232828373,2.2890410627390714,0.0005211947352123391,52.20149106130481,0.0
6.9425756112282,4.952652329549717,jun,sun,93.24445434530722,179.26149235104455,438.0157763502572,11.001535368982372,22.082807710984383,48.18908762247603,1.319813603142443,0.0009265712472833068,-0.015499418963865101,0.0
3.0439820401025863,4.016509760708744,aug,sun,91.63457809712924,141.5675168378404,590.9434290047316,10.641253526858806,19.9250667185696,39.267754659698326,5.406848781518202,0.000974860220215012,-0.3121062572448071,0.0
9.033412554610132,4.955496045750392,jun,wed,93.51888761914988,49.55166529566555,301.5418874427365,13.923484096637797,27.950401241865897,33.782112590115155,4.53133930660474,-0.0005438209777411682,0.08690149592126506,0.0
1.9378126021154423,1.9899900223381943,aug,thu,92.8288931020056,76.53445130980606,469.55300824466644,7.915557780879882,18.93810164048694,35.14717063860872,4.9552098775944735,-0.000453392628593608,0.36381092791261926,0.0
4.020704507430868,4.003041372907619,mar,mon,87.20461562676093,23.311080750831252,66.06353010117033,4.2640815291547955,11.851830519001718,35.562356834656384,1.8064935044856845,0.000184706836911695,-0.04521178496612947,0.0
5.903447179247503,2.9779479864055918,sep,sun,91.81504943735388,77.75052141312706,722.7002962751715,7.778946989675246,17.770209200928885,38.831101030877704,3.611003289305024,-9.132390676627392e-05,0.32999164072633985,0.0
3.0170502669827095,3.9951342551460125,aug,wed,93.31435407752596,156.00234639013698,667.3939384405684,13.31477092769729,23.937329294334464,39.79481583439649,0.4898133006839702,-0.0018157480026661209,2.584609829320715,0.0
5.938842979000314,2.940134949018231,sep,fri,92.70206368458928,123.70808115592384,777.2616796818082,10.21731587914422,19.583204534958977,39.42232714497715,2.6621936113634073,0.0014570373244124054,-0.12012185940678673,0.0
6.0,5.0,mar,mon,87.2,15.1,36.9,7.1,12.744475298483682,45.0,6.057796760047508,0.0,3.18,1.0
5.9904581014409635,3.0378806468173067,sep,sat,93.54128413996581,144.3401029034137,729.7080353424909,8.191732940209176,30.25015951496528,24.301520542326763,2.6306153715136884,-0.0009662351756707448,0.15556946399293747,0.0
6.0,5.0,sep,sat,87.1,291.3,860.6,4.0,19.19265868986442,67.0,5.512593847338114,0.0,3.95,1.0
6.955895365650011,3.9816571095478,sep,thu,89.50538578708333,287.59653706380635,847.8888045386742,6.923443902903058,19.38735737159764,45.03406095915454,3.6527189622167633,-0.0002581181627095489,-0.29140763583523244,0.0
0.9493242279511456,2.0243234479252896,aug,fri,90.95956691856482,167.53505161474163,755.7456038280343,7.2313258340402795,18.822487679035692,72.96071730982952,8.53504034212625,0.0002857282289180706,0.26461396824053024,0.0
1.9148920923239807,1.9982968557169913,aug,tue,92.29971624241757,153.7841375089212,658.4760332383089,14.387485027963814,21.622278084931416,55.63820461009886,3.0287071765733646,0.0011842556214168032,0.1829511918848975,0.0
9.0,4.0,jul,mon,92.3,92.1,442.1,9.8,24.829104359223003,27.0,4.881521215152226,0.0,1.63,1.0
1.9772955840350024,2.0124620993865148,aug,tue,94.8858678753679,107.82864192264448,648.7067664732521,16.8851743608767,19.89742984694755,43.331885335540335,7.241319242455081,0.0018406826975242935,1.1799758088844352,0.0
2.0415893642394924,2.0040858504209185,aug,sun,90.13498044615105,99.29234175988017,639.6284689048148,6.401091787747984,20.649333749293497,33.64335881043073,2.717844951890464,-0.0012027293682503675,0.5996642444145671,0.0
0.9373611028447788,4.001605228533513,sep,tue,90.99325478819819,129.8993452186865,687.3552467353986,6.813889843129168,21.554992296802034,38.04167448207123,2.2074978499693088,-0.002010728865837008,0.7744562938774229,0.0
3.9893128230542736,5.988136926675457,mar,sun,89.25482008070416,48.73285709718906,109.17467763908886,9.550943483165756,10.568846520150442,46.49699734772592,4.92018769303664,-0.00011821193115027628,0.18004567592066412,0.0
7.970948953806562,5.99246128500579,sep,tue,91.16742675027436,129.1262986412166,699.3875110630336,6.929563106111249,13.126158695393165,62.72975977427556,5.431753575982777,-0.0008734416631960092,-0.4209635632958207,0.0
2.0213481493789875,2.0198882389453963,aug,thu,91.7343987781971,113.84827991522097,661.3819457496277,6.189014217148853,18.471356149937375,43.80492728505201,4.468840263900409,-0.001111677907919175,-0.5932621276010778,0.0
5.970457446957858,5.00352937133656,sep,fri,93.32613444572016,142.7326800676084,716.8019906436188,13.796874883642671,22.7298011099323,43.63586230122377,5.434250693396497,0.0016662901605589784,0.009180680770198143,0.0
7.980180146126481,5.011177521715347,aug,wed,92.90519823186445,159.29500073715306,672.7119684121892,13.463554105880725,23.97888068926554,36.08273662647107,3.0580070491761617,0.0030888000805390425,-0.26309036442709977,0.0
4.0087512635021065,4.029190960451001,aug,sat,90.21830890844406,97.29863900469904,629.3123820256844,8.93938083210879,18.303421704304885,41.48819649482035,6.718183585075771,0.0018036309392604416,-0.19690941290267533,0.0
4.0,5.0,sep,thu,92.9,137.0,706.4,9.2,24.5062629111971,34.0,2.5902287215590083,0.0,14.57,1.0
7.0,4.0,mar,sun,90.7,44.0,92.4,5.5,13.67180914478423,60.0,4.496297372801522,0.0,8.24,1.0
8.965892755822427,9.015903702621063,aug,fri,94.74084539902967,225.66972684956735,704.8255043576278,11.970344080961931,25.05915521339183,36.23354046480442,3.968935560765347,0.00044646771438409954,0.32116592914132924,0.0
7.0,4.0,mar,mon,90.1,39.7,86.6,6.2,17.393848149332356,29.0,3.758332538792587,0.0,1.75,1.0
7.0,4.0,aug,sat,91.8,170.9,692.3,13.7,25.82877519536138,40.0,2.6102303951045047,0.0,1.38,1.0
5.068004808089972,3.9734190647330507,sep,fri,90.10959915132312,289.0581139262301,861.2682934651344,7.173073013978671,16.3288715157097,58.105751608852415,3.5783433313849473,0.0024791143888729717,-0.9538938561996659,0.0
8.080373217000384,5.961784968480986,aug,mon,92.11501411684903,204.81667780296613,679.3617755293672,8.247413394296233,21.045803674770806,53.75720625853526,2.163802211962257,-0.0005311858004521719,0.1661773769095504,0.0
5.904786027503864,4.988494988734884,feb,mon,84.32792811315319,5.300301207064336,44.639487783187185,2.234460441716895,4.962851190648842,68.33034992747544,1.938748396276105,-0.001724593386429782,-0.21581148726035543,0.0
6.0,5.0,mar,fri,91.2,48.3,97.8,12.5,12.818479922318632,33.0,4.442268272215973,0.0,8.31,1.0
7.0,4.0,oct,mon,91.7,48.5,696.1,11.1,18.74217585880588,45.0,5.062181513119601,0.0,6.83,1.0
4.015426841913238,2.9731418687312163,jul,thu,93.22196101877613,113.35764834430377,565.1357049825311,9.398435374975952,30.118794593358963,21.691186296646165,4.912279743854636,-0.0012655271276092704,-0.04189776441935921,0.0
6.0,5.0,sep,thu,92.8,119.0,783.5,7.5,21.6,27.0,2.2,0.0,0.0,1.0
3.0,5.0,sep,thu,90.7,136.9,822.8,6.8,14.992316929266153,39.0,3.391028464100248,0.0,2.18,1.0
4.0,5.0,sep,thu,92.9,137.0,706.4,9.2,23.08039123838868,15.0,1.5380287983422225,0.0,11.06,1.0
4.0004025527033376,5.945430000257638,sep,sun,93.2862117225161,150.17667933817538,725.0163293484892,8.095179503013656,31.071754522565694,26.269106886575806,3.698468952024771,0.00032171812716320024,63.68102445410439,0.0
6.99657137525994,4.029733995515473,sep,fri,88.3475878670798,54.576593036903944,725.4136887687243,11.645663782704965,15.377576099202724,63.50977112918044,3.1052556257515525,-0.001060244158701593,0.749910100073016,0.0
3.0002067963263515,4.014294257616262,aug,tue,92.19533800011656,151.06927994734383,659.1850636881713,14.170039402504878,21.051184951039414,32.35612437401517,3.085799618999866,0.004981811872267885,-0.33735083784456815,0.0
3.9842338600019396,4.013340144697398,sep,wed,90.10205535988884,84.3559979375954,730.0097240031936,6.092270622643936,12.959917362885951,73.93077534392599,4.9689613305439115,-0.0007196407609756533,-0.3148720946527159,0.0
7.986591409954257,6.00017664709382,aug,thu,90.96172242693004,195.34765993863866,645.3445729134007,6.85939873220209,21.225421187213488,41.05933173546939,3.6002749644684724,0.00149376755996426,0.42169545040628165,0.0
6.04016164440305,5.0036891368914045,sep,sat,92.3261843840727,101.87322898442982,748.7264607547911,8.343582175306013,21.278334444982637,31.599728573827115,2.2286858619034624,-0.002737614653202096,-0.3584409774411165,0.0
6.0,4.0,aug,thu,95.2,131.7,578.8,10.4,22.44049593386752,41.0,4.446025012941326,0.0,1.9,1.0
3.9975381730547435,3.03146189019139,aug,wed,94.55258722444617,140.2101533138469,691.8277321584899,20.036132155143395,31.801704065383408,28.97688276276016,5.456579357583813,0.0018806555941039678,48.93230173378522,0.0
4.009351391375586,4.97857407036855,aug,sun,90.34145433835893,100.59200548375965,625.1612544957179,6.446615902531949,21.25915360080596,33.06973042079287,3.1281278170525533,0.0014676704714102554,-0.7549924704743637,0.0
4.040155205760621,2.9965456066275964,aug,thu,91.55957223562528,114.93148265601772,661.545542583494,6.473286377559427,17.732990499233644,45.31806880228888,3.56694692918222,0.002119284130043139,0.15040360465108335,0.0
6.993397023483656,3.991622816169821,oct,tue,90.78494734068269,37.97527279087701,660.4574914843913,6.647317387360676,17.900342890711244,33.10720116862851,0.8732564943987816,-0.0024742081544223368,0.14866267226283064,0.0
4.057456235053928,3.944639454456491,sep,thu,92.74683209165796,135.68293360141158,705.6446810926673,9.183467745176426,20.85855724744997,17.037051434682773,1.2612275775820392,0.0007651808589472666,0.7304158146964371,0.0
1.0419306697927184,1.977745489600778,aug,sun,90.22564679355226,100.67737400924088,622.2893375998779,6.303791082190681,18.085666551630766,44.26240308283287,2.2048689800501613,0.0005421507791059509,-0.5418149956060251,0.0
3.961806897500257,4.913028606099335,aug,sun,92.32239784494347,203.62940091683348,663.9829066193923,8.188526370123157,10.477452868739983,75.08537962889119,0.9073349655931203,-0.0028298809093236796,0.1814286395614981,0.0
6.100178549995296,3.0043222075386,sep,tue,90.41396448962053,81.6538752905827,735.7571411025517,6.242482948774339,18.148808722189493,62.34941200949187,4.51617178146876,0.0012823690431447456,-0.08814502469088939,0.0
5.996348719894301,5.033831379768002,aug,fri,91.23204948553577,168.64576321291906,758.2500250663188,6.999557587582322,18.183658577758045,62.400896815917065,5.4008338396077695,0.0003048433858965016,0.5322519406463901,0.0
8.01473251918198,5.994042367491156,aug,sun,91.3488951598496,140.7702927284334,603.9682039817974,10.806751547398127,18.27828537298461,43.03582998677066,4.967469838166528,0.0005910284103615285,-0.686522760705346,0.0
4.031210085889325,3.017905934588039,aug,wed,92.06255498446804,111.7217229999101,654.7447930804358,9.703192272664081,20.519457034289378,42.23813304082723,4.873512224517509,-0.0003192881884388339,0.2579060850504329,0.0
8.01625549213007,6.028052752335666,aug,sun,81.61884354989651,58.25558861675256,657.0654696856903,1.8770923851551515,27.71815580228495,34.57581688161259,2.745757239131557,-0.000908869225733415,-0.6117737818339015,0.0
7.004434343934816,4.023852252154422,sep,wed,89.86651758849396,285.1239320104141,846.3721722458017,9.935043691415748,10.57533603877619,77.44451216318184,3.982291571014074,-0.0011771659007821058,-0.602931882885663,0.0
6.047583291833018,4.9809111919817814,sep,wed,92.90093906918445,132.69875587931074,698.3923598746368,9.164851935656317,26.425150635107855,20.44523625745356,4.522049552190329,-0.0007087998877607184,-0.5096542407595634,0.0
6.0,5.0,sep,sat,92.5,121.1,674.4,8.6,27.230527636089946,27.0,4.6245699864695,0.0,1090.84,1.0
5.9509957807231775,5.040508607093008,aug,sat,90.06881876845225,98.80650368423085,629.6716941322859,8.872592629100895,14.644554625807682,59.086234680110834,5.813167963172057,0.0012152321412090704,0.6874864702029667,0.0
2.0033106373048946,5.001238784966543,aug,fri,93.82571602335244,136.63408721332124,582.8393851987014,15.054019782240317,26.563411946557945,35.432645626512354,5.998056195514467,-0.0005096629947009081,10.168363233249343,0.0
7.008172801016615,5.98214999080014,jul,wed,91.23910774281694,182.8955176187158,434.0296240255802,12.51522118113822,12.546567321521874,89.39569912966924,7.643738614600085,0.20054269257089266,-0.5202743144331434,0.0
4.0,3.0,sep,tue,91.9,111.7,770.3,6.5,17.523131917821257,53.0,2.7622500309087075,0.0,2.93,1.0
3.0,4.0,mar,wed,90.2,18.5,41.1,7.3,13.23214000954773,41.0,5.7696327784395685,0.0,5.55,1.0
9.022598962185711,8.992952868023734,jul,tue,85.78880618210412,47.2278638804606,305.9465525528584,3.9724234983297646,17.918828541566228,42.06423934877545,2.696325083600298,0.0006606124846333729,-0.058691177255462634,0.0
6.0,5.0,sep,thu,92.8,119.0,783.5,7.5,17.996258382719386,28.0,4.487464180545365,0.0,1.01,1.0
8.0,6.0,aug,sat,94.2,117.2,581.1,11.0,26.843092950605264,41.0,2.7664628023959184,0.0,8.02,1.0
4.0,4.0,sep,sun,93.5,149.3,728.6,8.1,24.495753198553405,39.0,5.135953358595872,0.0,48.55,1.0
6.976417034524211,4.0086900800594085,aug,mon,91.43080078390074,237.67861756268115,739.373235886684,7.457539342022327,17.71479825935448,64.90418857258194,3.9694411254939945,-0.0003645980514101526,-0.13788541500156148,0.0
3.939973358302634,2.973044091474716,sep,thu,92.96236961405091,137.55727376734328,708.1863144191066,9.393522284780026,27.804164500758688,24.10790777713112,2.1704472945372264,-0.0023528026074084957,0.23256289898028404,0.0
4.058599546295717,2.981398069762506,aug,sun,90.22668704031167,100.1359636448654,627.2511275846016,6.45571688461774,21.43429531423695,33.825283479926185,2.200717732028017,0.0017273293738704345,-0.20163180614732928,0.0
6.07003753134832,5.032636553327328,jun,sat,53.3678394520127,72.15714230306905,236.7362980775847,0.19594571936503463,10.542918268250942,90.06038993871968,2.7175563687698783,0.0008681616547529153,-0.14765031947926124,0.0
4.973270516612092,3.983285439354355,sep,sat,92.1865913487299,102.45498029853792,750.9983930699817,8.448131063302533,24.011792036199903,26.975680175305573,3.094359768268796,-0.0026951132560519035,0.09354972524969843,0.0
1.0,5.0,sep,sat,93.4,145.4,721.4,8.1,30.643359877671102,27.0,3.319031405087383,0.0,1.46,1.0
3.9937932656051234,4.979333910345782,sep,thu,92.73969156966727,93.08833697258639,736.5655675075119,8.571143074181233,18.642048251748633,24.303404780312984,5.768316739187981,0.0007329869816023886,0.07606886383940259,0.0
6.953153602924389,4.063952785282083,jul,sat,91.83086072331068,104.61714894388669,488.3861986215246,9.170237684990832,24.16094958885281,29.304964665156344,1.8223862709435739,0.0003308403487222302,-0.08169248394180888,0.0
1.9619719571009504,2.00476519550363,feb,fri,86.63657089847543,13.516560525284365,40.085391599843845,5.293131207635114,12.40705051770178,50.912770950195025,0.8907808725336404,-0.0012405460352521755,0.25447210070741455,0.0
3.9707091014824174,4.015133825823129,mar,mon,87.76068373819137,50.29750376505553,108.20940246571215,4.8423627365342385,10.987188622363485,46.07275348188233,5.800619381919689,-0.0008500975450895773,-0.43837081655312043,0.0
4.0,4.0,sep,fri,92.1,99.0,745.3,9.6,23.281688064622163,35.0,5.09696178756029,0.0,13.06,1.0
0.9757867483308411,3.04210854484749,sep,fri,91.17283559324682,89.86169077440172,752.4105390253623,7.106764288548134,19.09415479699286,46.15291736408947,2.1661220563927803,-0.005054425152335787,-0.1338745849318203,0.0
7.998307249118964,6.005912048984576,aug,sun,95.01433678406799,129.50142843774353,586.8630402525182,14.074564594891077,31.083765182561134,26.964492398879244,5.359090080698866,0.0021671118467520706,-0.24410485963323655,0.0
6.991568793906547,3.973584452206394,jun,sun,94.20353206433137,95.99038346420356,203.48577252809466,56.07126369791284,21.058620288227363,43.58208184694028,4.49525129771552,-0.0012859631435195096,0.2588248347714447,0.0
7.0,4.0,mar,sun,90.7,44.0,92.4,5.5,13.199891561420603,60.0,4.549644117260067,0.0,8.24,1.0
2.013889346772307,2.0178124395832997,aug,tue,91.95044055813368,152.10004047797943,660.3301004479735,14.16813424117846,23.762474262439774,24.48128375570642,3.124854465846017,-0.00022834102962225752,0.05636691614415922,0.0
4.0,4.0,aug,tue,93.7,102.2,550.3,14.6,24.00381951760944,54.0,8.050207170304185,0.0,0.79,1.0
6.056529781561442,5.042121993425876,sep,sat,92.27638232561054,102.46878804929447,748.1756524109969,8.392729052266649,19.739828744394888,35.5756407739338,1.7948463147150286,0.0002084218398614425,0.5380143003595673,0.0
1.0,3.0,sep,sun,91.0,276.3,825.1,7.1,23.8702373219691,43.0,4.429697303191738,0.0,70.76,1.0
5.0,4.0,feb,sun,86.8,15.6,48.3,3.9,14.485684140594984,53.0,2.6573105696576307,0.0,6.38,1.0
7.0289851884909345,5.011953176341871,aug,tue,96.08238287173661,179.78770315520399,673.459002862948,14.385883143108806,21.51304357939579,64.49347836948355,4.917631117669448,0.8005726535361968,0.08459932025183661,0.0
7.0,4.0,sep,sun,91.0,276.3,825.1,7.1,15.93834539966501,77.0,7.778710735948485,0.0,11.06,1.0
3.94202098980764,4.01494604042439,apr,fri,82.85828319470372,23.527882462000445,89.18499577682155,2.222935157050894,16.78430874614176,19.775414746270133,3.0967604628918135,-0.0008090908090965689,-0.20531066879727988,0.0
2.9838518554295588,4.954651677287625,mar,tue,88.07341567683538,26.78074306173201,68.26834203571923,3.917323166055195,14.869720630459602,38.099389685270076,2.682764905241364,0.003873558757769686,0.7751642923800522,0.0
2.0227347657744748,4.000752055595007,aug,sun,91.76588829298147,176.8758813386983,697.5222491380249,13.686546976227893,24.357152309889436,54.3990400358467,8.10040774055851,0.0027438334473193645,2.6181468956048852,0.0
6.0,5.0,sep,thu,92.8,119.0,783.5,7.5,17.996258382719386,28.0,4.487464180545365,0.0,1.01,1.0
2.9709734840248174,3.9760470886216726,aug,tue,88.64485909278766,147.38099889878455,618.0030752254456,8.835557333766321,14.400168246581204,65.76102406513232,5.3377057846119,-0.0009575946073268602,-0.264870839760677,0.0
6.003659143878961,4.9702724105575875,mar,sat,91.93463977663303,34.88746867913712,84.4603806803732,7.826091426536888,17.476741130601596,24.88265201552026,4.9069412620338895,-0.0008721249331002666,0.10507386176884217,0.0
2.0,5.0,aug,thu,95.2,131.7,578.8,10.4,25.581092250586572,28.0,3.104468510646977,0.0,8.68,1.0
0.9455870829289108,1.973379106884802,aug,sat,93.73006621151988,229.96379803599746,716.8489413971557,8.476801287930243,25.993739341554186,32.39448613045956,3.1443299949421695,0.000726269376735611,0.27581898436625,0.0
3.013209464826376,4.044608832831469,sep,fri,94.13737200092726,84.78587828276734,693.5704885660438,15.808481723655207,19.726123376407813,50.041513588000946,5.43004554308999,-0.0010999729904026838,0.04370153224630864,0.0
7.0,4.0,feb,mon,84.7,9.5,58.3,4.1,9.736618812286771,71.0,7.104624815453931,0.0,9.96,1.0
4.989943926412769,3.9830755586653104,sep,mon,91.57855966231672,78.8868528117288,724.2843277505199,9.080409535496687,18.963740624236316,38.54610018649176,2.6660728443791197,0.0002483851794468751,-0.21517877587087095,0.0
1.0036393562240635,3.9563849550199617,sep,sat,92.3242338347543,100.6616421222723,739.3133413201056,8.327469209292103,24.23622957622618,27.46329906417244,3.037722045023929,6.0050167991829096e-05,-0.27015925242099,0.0
4.984034209594225,4.049544903001543,mar,fri,91.71058889941638,31.737793058436605,76.26278487635666,8.887185114892745,15.535671723035962,24.569732762148377,6.2728136947867075,-0.0012808350560156831,0.18221343858815112,0.0
3.9655885562736573,5.016327853269347,sep,sat,92.43225445817635,86.67003826681969,699.9484019548064,7.1099363680968235,20.211869998049917,44.46350109069722,3.1291761900275246,-0.0003313227070383956,-0.25581252235281704,0.0
1.8895641193438864,4.008066571591523,aug,sun,91.81105202649023,175.01811826475947,707.4118608802931,13.77630518287984,23.645847309217114,54.13641481586986,7.647106499424598,0.00017974069158733266,2.572048929210719,0.0
4.0,4.0,sep,wed,92.6,115.4,777.1,8.8,21.53896924189716,41.0,2.433934509766008,0.0,1.58,1.0
1.9837102435132201,4.013237056422074,jan,sat,82.1184236844138,2.497528258215876,14.215394287374377,2.9760931540295603,5.430174634863192,77.81913721539341,3.1041005041327914,0.001547590759912554,-0.209551763810651,0.0
