X,Y,month,day,FFMC,DMC,DC,ISI,temp,RH,wind,rain,area,area_category,forest_name
2.99273883815323,4.02361267850063,aug,wed,67.28091196899051,113.1467381759521,565.6959557605818,13.541290967952364,20.51150985853843,39.893804267449674,1.3040854988247454,-0.002982508808489658,2.2416297647704124,0.0,Forest_Beta
4.98075343379283,3.98938781489169,apr,sun,94.87105360918738,12.777897689369274,29.792720922968396,12.382799295769036,16.44224858776386,27.533832357796687,6.041309878093294,0.0010990488506728484,-0.03065327845043123,0.0,Forest_Beta
6.0,5.0,apr,mon,75.4782511578471,20.018523106821455,38.747470915861705,3.7,11.982481452170594,64.0,2.86886878064782,0.0,3.35,1.0,Forest_Beta
5.0,4.0,aug,tue,71.56536461914446,105.86544709104865,524.6066054704056,17.7,24.250387692602995,34.0,4.033939252249651,0.0,16.4,1.0,Forest_Beta
4.00481154755745,3.0244642192523705,oct,sun,68.87837303206557,51.56670905091333,677.9397810544625,8.6803200772989,11.980585111401156,49.82839368070097,2.5414367698307245,-0.0018767324389290282,-0.2023664546322403,0.0,Forest_Beta
4.0,3.0,jul,sun,87.65317962058928,101.54988226513011,381.3313676291493,14.7,25.064989344672927,45.0,4.473197568899176,0.0,7.36,1.0,Forest_Beta
6.003363621689858,3.0045605763837098,sep,mon,85.87489688499353,83.92134443030463,608.4486395176511,9.260448892210915,18.899705414618772,31.422558128634822,2.516931914612659,0.00014168347786444485,-0.1556819808635409,0.0,Forest_Beta
2.9792562270669483,4.016161573648871,mar,sat,73.70744926474912,29.86003354901891,76.19680127903122,7.977425747775927,14.426596676106643,26.86750966616483,4.427304212252241,-0.0012307873816738816,0.422063805381125,0.0,Forest_Beta
8.0,6.0,sep,mon,86.19991707220913,82.27894978301818,692.9694168315503,6.2,21.409779577818103,35.0,2.785368689260133,0.0,7.48,1.0,Forest_Beta
5.030317919668741,5.0192879811736155,aug,sun,91.92248839711412,39.92404920899954,88.82527504686769,10.581324368988582,14.716894879069287,80.1335823185258,4.300515176240051,0.0010562900201023752,-0.4053264945631643,0.0,Forest_Beta
3.0433003964868006,4.034621926894282,jul,mon,85.21632015843424,187.74193121987497,513.071673896449,16.691862342249088,15.617288192612158,47.96884236728324,2.621153770315884,-0.002975443979124619,-0.38807511827488334,0.0,Forest_Beta
2.9336396851403173,4.015454137983318,aug,mon,66.51424706496475,144.98853359503792,507.52003747229395,10.932016622107195,15.946244663182004,42.74987415638151,4.765160840635372,0.00021452941415438817,-0.08808296464935307,0.0,Forest_Beta
8.03811054692857,5.997401712763546,sep,mon,78.08965850625803,117.65770088818566,751.794519038007,6.496631258603615,13.874655781267666,50.9029721376511,1.8498182807437709,-0.0009512541411129089,0.30376079213484264,0.0,Forest_Beta
2.043127066654945,3.9975739442329816,aug,fri,86.82901549514943,122.14332823096944,722.0448636206912,7.309214216744478,24.188806045594667,41.0620526073625,3.6714489042120024,0.0015566859146275232,0.23108442913179214,0.0,Forest_Beta
3.0262931759151095,3.9819579458816468,sep,mon,77.23799059831741,57.80408866400365,608.3047540936989,9.282275259001139,16.92089364006614,35.07832739574988,2.5241754201295525,0.0016014145730647571,0.056887025657246536,0.0,Forest_Beta
5.991233328345462,5.028503488857865,jun,mon,66.96292416121632,66.67397237446478,249.98922819857862,7.286799018324334,19.16253780279382,24.994346581646166,5.2443628340728585,0.0010659342828087065,0.18709257770491497,0.0,Forest_Beta
5.00228760003608,3.986317478980544,aug,sun,76.68993327912023,182.3325528032643,587.0448239451794,13.924878851986959,23.17558351143261,39.101404556181805,5.308612919359706,-0.0027701057396102556,0.2117654317938804,0.0,Forest_Beta
6.0,5.0,feb,tue,58.27929591864049,3.7251896964078943,14.207083801386469,1.9,6.337519476399535,82.0,6.022484519095882,0.0,5.39,1.0,Forest_Beta
6.0,5.0,apr,mon,66.37951285896656,17.120350694261898,34.472847081866114,3.7,10.948299387343049,64.0,2.9674027821977824,0.0,3.35,1.0,Forest_Beta
1.9768932164505,5.027085986354283,aug,sat,88.76222042233283,171.01463326259787,700.7823313417426,8.382842495069548,17.289654639066047,64.47971190564185,3.96463372262395,-0.00034810386434684225,-0.024450473439288713,0.0,Forest_Beta
3.906705208061893,3.98435390400195,sep,sat,90.71113785372853,100.01192974944996,672.863077253956,7.173895889312262,18.663482894999397,47.73452766281981,2.2905656889184773,-0.002484534529018751,0.6662357882175199,0.0,Forest_Beta
3.997433374230482,3.993923105477449,jul,tue,60.652108125857815,45.23157125049327,324.8281681364522,1.4938575826502116,20.87237754574486,37.36127188836298,2.7716113405131266,0.0008651824131964173,0.43865005856170647,0.0,Forest_Beta
7.062417078686944,4.993989505540183,sep,sat,86.80299820833989,88.96971025809636,650.4246789720177,7.09058425102557,19.955161260394476,39.81830918217232,3.8890365443665917,0.0009075649308916706,0.37710000204682487,0.0,Forest_Beta
3.978155427290966,3.9972301749938492,sep,sun,88.04202032755516,90.58796610627121,676.8997117213612,4.666759514391625,15.407027572718464,63.66447274351933,1.1691419974679738,0.0015432666583951166,0.07933742835050643,0.0,Forest_Beta
5.065923817583223,5.077865981384617,mar,sat,90.9650743065863,29.73754551817867,73.01435509807872,7.868678335660992,13.868816334914227,26.776447780863297,5.018545132895301,-0.0021849109220917436,-0.12989147065485634,0.0,Forest_Beta
3.966053359660084,2.9963446844936246,sep,tue,75.52781877334384,56.26894337854988,608.3326406620249,6.38671513849772,16.399447736811783,63.36912716676936,4.919372505659633,0.0016892310061550335,0.17998618052095453,0.0,Forest_Beta
3.9844229204126647,6.057177199967365,sep,sun,71.84587291771312,141.19387075767872,603.3617564815552,7.83612329282912,26.685410958052366,26.434393269864078,2.929412040257082,0.00020376043617199025,63.86929172643908,0.0,Forest_Beta
5.0,6.0,aug,sun,83.82757652592842,175.18403525291285,512.2331803200742,7.6,25.11915497686733,33.0,4.206076823702912,0.0,3.63,1.0,Forest_Beta
7.030626983123714,5.020838234436331,mar,fri,76.68792731409897,24.5276697759075,80.83683633143522,5.062052594546914,7.126652822746905,51.705573844995605,5.571889749286038,-0.0006674413374555862,-0.08329183748603923,0.0,Forest_Beta
5.0,4.0,aug,tue,69.12856350381665,107.88306579927425,542.3789694806594,17.7,24.23591485322297,34.0,4.1893348450154875,0.0,16.4,1.0,Forest_Beta
3.0561433121851356,3.991505684949832,mar,fri,82.72507842557111,35.51673265255766,70.96780591836732,9.043392773790679,16.23127499748989,18.135321203527305,4.6565236918460435,0.0006737239780200961,-0.16903351945166015,0.0,Forest_Beta
6.969701499369313,4.0187554389324,sep,fri,81.18553971770716,132.8278737028804,585.4702740572575,12.257892624945478,17.05875191278658,33.4658461355941,6.028677543755584,-0.0007881152276195042,0.09574122757740047,0.0,Forest_Beta
7.0,4.0,aug,sun,79.90847874633364,49.71758184890203,543.2888084449756,1.9,19.63650325269185,70.0,7.327673794481292,0.0,11.16,1.0,Forest_Beta
1.0535819822989583,1.9912092364173628,aug,tue,67.24366621585261,104.70189976226777,494.3549391183573,6.900573023532764,18.697245889468654,18.327248957628075,6.129494692888134,0.00041126835955545264,-0.6926298379702426,0.0,Forest_Beta
5.952182166485164,5.00019728181487,aug,thu,84.11461678407993,135.4383911250262,490.5349534238623,10.314368317283575,26.301004414286727,21.277995628056225,4.300640539263532,-0.001926150619852098,1.1189833851069537,0.0,Forest_Beta
3.0,4.0,mar,wed,96.61624497998201,20.833477897168972,36.54596399927877,7.3,11.32062035092799,41.0,5.258366292942513,0.0,5.55,1.0,Forest_Beta
1.8951222648976656,4.011225584676843,sep,sun,78.25317810293407,115.51826142667471,693.9700882342677,9.98429713131206,14.462067858164637,44.53185051131589,1.7807509237584194,-0.00039224703279814124,-0.21913457232937758,0.0,Forest_Beta
6.063731679713066,5.972381719039031,jul,mon,76.79010844756282,47.173986790930265,419.7855740602154,10.827421427185437,20.954007611174312,35.99217865597223,2.7319059956494396,-0.002061386426895891,0.34574957365885917,0.0,Forest_Beta
1.0,5.0,sep,sat,78.59041299502,142.64916159564,710.5857714157439,8.1,27.620166981760203,27.0,3.4068661260982513,0.0,1.46,1.0,Forest_Beta
7.0,4.0,mar,mon,84.55529569429652,30.97324336269869,84.77111022917438,6.2,15.333326875190032,29.0,3.825216379655008,0.0,1.75,1.0,Forest_Beta
1.0168441361281684,2.002085726583835,aug,thu,75.96194802763976,115.13018688208786,592.8968388905383,6.327111116853081,18.894662930297308,44.962837310233226,3.712531573208057,0.0020622865707783794,0.013923529763027579,0.0,Forest_Beta
2.971268158317189,4.000545413377485,mar,sat,68.1119327163742,39.07090385778367,72.07342737711885,7.851981339717666,10.172941492180549,30.249555650147787,5.522169656114179,-0.00174045307474881,-0.3576028640515792,0.0,Forest_Beta
2.9842846739490265,3.985709371636471,aug,thu,80.52920402234375,77.23707204635335,451.3619629787856,7.762720984976017,17.496265217126098,35.6973893380344,2.8413559648527964,0.002852403935432213,0.4524518720663147,0.0,Forest_Beta
2.9904510802234316,3.9480367512602865,aug,sat,75.65337993825725,187.9290685220515,679.0972976377534,13.605035584459305,18.010078000116422,58.24966719952735,0.7588842305560577,0.0012029558297357052,-0.22034413023633193,0.0,Forest_Beta
4.977803467494164,4.013533159042035,sep,fri,101.1065960287464,88.14470238340515,664.8469853392319,15.82222327482043,19.11816520095688,47.05443773945072,5.589441361822786,-0.0010710438448090407,0.975552288707811,0.0,Forest_Beta
6.9848697666131105,3.982100887211558,aug,sat,70.29347964553862,69.062087303325,455.69140746324996,6.100395784704938,17.235614169832395,42.799296155203464,5.391804239472857,-0.0012099281591354274,-0.18803586757012455,0.0,Forest_Beta
5.999549075365732,3.0014403639123963,sep,fri,69.17196435924895,76.49688412601927,674.9479456115148,5.737804017074511,18.650467398108336,37.21783646913699,1.516026524038738,-0.001497048267075315,-0.3991208888200572,0.0,Forest_Beta
1.0383122956358941,2.007095428499348,aug,fri,77.05785163259425,111.8421176063057,460.0539528428438,12.446126719179539,13.345910386721197,65.7946004792484,2.614976380796492,0.0004282967244457955,-0.07163825548273113,0.0,Forest_Beta
8.016674995014544,5.927420667049912,aug,sun,98.97883295657275,67.9114527751891,453.3745320966901,14.730577876126949,19.097268599349004,31.654262507535275,5.706573505449079,0.001420581280525839,0.20675967863535374,0.0,Forest_Beta
1.9590969869780475,2.039027451481502,feb,mon,81.18086368967087,6.256438836087274,26.294347746002313,2.1063535073853927,11.84471590994325,39.67895903374905,5.518835141342182,0.0018922879098477651,-0.41015940334458856,0.0,Forest_Beta
5.956012884544461,2.958772939694772,sep,mon,67.00817652607363,93.86440715703078,622.1121021905483,7.087608294471105,10.103028138988913,78.23601968117516,7.710586879212659,-0.005567254661880298,-0.019010836247139038,0.0,Forest_Beta
5.040513088639931,4.038592105429871,aug,tue,71.84120481705183,99.48051537274574,577.9928446054147,8.96947380097243,15.97535067574166,42.81337893805958,3.9537614103295757,0.000863529229546407,-0.9361099388894927,0.0,Forest_Beta
7.0,4.0,feb,fri,90.34852356467522,3.3165966105461187,40.18103830342909,3.3,9.6071454903382,53.0,8.427388888781465,0.0,4.62,1.0,Forest_Beta
3.0092685737881446,4.04096176930031,sep,fri,73.42622940940602,62.421039603857274,668.2028565640559,9.540711008759798,16.27757552745629,57.3690738618101,4.059556263114017,-0.0012354970692046395,0.313976648848982,0.0,Forest_Beta
2.001827691458125,5.0058416625860565,oct,sun,75.58089838315198,37.21087651805235,628.4333015695903,8.758675132114762,14.024091317594328,35.32809772611297,0.768226913275479,0.0012354379636131724,-0.0936223477545409,0.0,Forest_Beta
9.0,4.0,sep,tue,84.16957985920453,55.05559326963292,577.331484885917,3.2,22.75111994741969,36.0,3.4766474406656913,0.0,105.66,1.0,Forest_Beta
5.028726805171936,5.033319963886025,mar,thu,97.74701388267377,20.24233085310623,31.72038042956308,8.097980112233595,10.46056376848095,48.02684921398135,5.769314692712882,0.0011702739254236877,0.2847615397129977,0.0,Forest_Beta
5.042910510166145,3.997907204188161,sep,fri,71.72461939158791,109.4979872878869,574.6022803265606,13.79617367209946,25.39325304050419,30.17759087469682,1.3147737392152217,0.0019283662516998816,-0.5073575882489095,0.0,Forest_Beta
7.9877778528615035,5.991433709598468,aug,sun,77.66923683814495,82.43678427496098,402.34430552811665,14.819368444588497,20.343515174094524,29.472676863669545,4.720513955978383,-0.0009830455371028996,-0.29092139918753357,0.0,Forest_Beta
3.0240923007184506,6.01890478289264,jun,fri,89.50103433907182,107.73980675057041,194.4155396529069,7.188686228547631,17.01485822679242,37.666724192567486,4.1915308296485,-0.002085959333080586,-0.2885872225664561,0.0,Forest_Beta
4.910756042646677,5.985830229082742,sep,mon,78.81859113659975,97.86081109515686,584.1221656716285,6.993160624653496,13.313424678476242,69.39862091147418,3.090349951178266,7.376528067612824e-05,0.10606867453498747,0.0,Forest_Beta
1.0436305346974422,3.9627222331987215,sep,sun,87.85253830523243,305.94205044801106,758.3498419820925,7.046349638924426,13.444012949552416,76.27292876264504,6.945580288392261,-0.0018431855968328423,3.8330362277746737,0.0,Forest_Beta
0.9770516922326015,2.9850694454372078,mar,mon,89.34874245268222,40.8661897404319,88.90382930332947,5.192779801394447,7.5120207700272275,71.54446180198902,3.0995837170771687,-0.00039389808337255767,-0.048736247670196284,0.0,Forest_Beta
0.9297127263017673,2.0050651180872814,aug,fri,87.47582037254398,139.89744588467434,656.2684220187147,7.100568118453696,23.500364294159816,41.169015601550406,3.708900768496288,0.0009805904536442866,-0.31548414319344303,0.0,Forest_Beta
8.03448991567913,5.965297954509233,aug,thu,91.08333775504748,198.06639825352124,650.3793007378005,13.961390966199684,22.39403502697194,38.38327335420898,6.432416193285798,0.0005898267049896972,-0.26913850633283976,0.0,Forest_Beta
7.999405266403797,8.014972284335068,aug,wed,75.48413300241722,169.53062922413446,562.4210838997445,7.888501537870966,27.04750300201871,36.07072218525306,4.435463909023836,-0.0005358102657231875,186.26519035816602,0.0,Forest_Beta
6.0,5.0,sep,tue,96.38483323173715,108.13616949455289,634.6586579378063,6.5,21.38247694906605,35.0,3.4602568300522303,0.0,5.65,1.0,Forest_Beta
2.923501138781509,5.017194609765828,sep,fri,72.12972122961321,101.10389409585888,623.1040571177663,8.141367559561086,15.334595560020324,42.6264412044757,3.23270633830873,0.0013222632053997774,-0.23641228830510047,0.0,Forest_Beta
2.0,5.0,sep,fri,87.31283949851553,265.39682005805054,844.4899031305847,7.4,17.275498441264812,58.0,4.363366188076689,0.0,9.96,1.0,Forest_Beta
7.972129315594397,6.0256486561292055,mar,fri,88.80687573020234,35.11443270275437,69.63778943466625,9.03772053012054,7.513838664289186,97.55376391895908,3.9262867326627457,0.19767750182843097,0.012082107468770196,0.0,Forest_Beta
5.992942837155009,4.042084834014337,apr,sat,68.516630532249,17.68370044807434,88.02267509141438,4.95440371584377,8.744358416062415,44.34393070358782,4.773551680415401,0.0023182721888038243,0.30856706774371195,0.0,Forest_Beta
6.054205944006447,5.030728145986552,apr,thu,76.22314650120525,6.599669506879145,59.93603449571448,2.696868800338875,6.24042793552499,54.3399011062637,6.470022659755969,-0.000236529672377047,4.69657602682688,0.0,Forest_Beta
4.018926510664757,5.040025844205729,mar,thu,73.03659342470809,32.046959339502514,68.68687503683789,7.547338735052092,16.231454182748298,28.792215219638873,2.9817986728777712,0.0001638055469673494,0.23498434118242317,0.0,Forest_Beta
6.978984556238737,3.9938350560696776,jul,sat,95.5507697677388,72.47262594269966,459.61722252360545,8.872780384110762,20.732105786031642,48.22195442458652,2.5873080715375227,0.00032200007832938065,-0.4003949423602825,0.0,Forest_Beta
2.0422749924095887,2.0132645187934437,aug,mon,93.31534287854183,69.83227693476296,530.6080287403768,5.751309607347458,20.35422035883959,30.81369059250246,3.0564966840748027,-0.0006709014748083916,-0.2468001947367204,0.0,Forest_Beta
1.9989924062662794,4.9804592645151,jul,sat,94.34192145908554,75.67226800301856,356.25038659132224,5.611108261268996,20.699450203332926,50.91423021624454,1.7101602245848058,-0.0022268029339845507,0.453424870403925,0.0,Forest_Beta
0.9953205129225519,2.0504081785271864,sep,thu,96.8099172335854,92.9336544239612,577.2174854133467,9.217405069787482,22.038515028756475,26.650148155585946,1.9648079764358068,-0.0019286581682593622,0.32986981440517077,0.0,Forest_Beta
2.0006549080742104,5.044956471869428,jul,sun,77.36654029368857,145.8847220533809,347.6185017344597,12.347179917777684,21.873935114957746,39.70032794769081,6.384580300917821,-0.001385423148832854,0.13344421336045545,0.0,Forest_Beta
1.0,2.0,aug,tue,73.71954402764571,87.62618130427548,593.6107413240006,17.0,16.184160085435835,51.0,3.6667864991244246,0.0,0.0,1.0,Forest_Beta
1.0611118016904222,4.002209157846628,jul,tue,92.38665690101537,61.89152379998702,440.59252510636327,12.043653081912383,20.810187109500077,30.798447462387433,4.981385908304443,0.0009139009252434723,0.008404461377810687,0.0,Forest_Beta
3.035824756994826,3.9881873312628,feb,sat,73.43447319591074,7.134204241705041,21.16848806439332,2.460705867733473,11.217789933398972,48.0436127222204,1.914729377407151,-0.0022101350018285024,-0.508873470213919,0.0,Forest_Beta
0.96037750966475,3.9995187169545443,aug,fri,95.93429961484114,287.1166964242094,758.8791393758252,5.521758439434607,19.66498726486903,45.147168681393744,3.3528552002245706,0.0032950945496922055,0.5455916053147257,0.0,Forest_Beta
6.0,5.0,sep,thu,84.3977533550583,108.12435980108626,742.861448757159,7.5,19.628748615287357,27.0,1.9429332143274174,0.0,0.0,1.0,Forest_Beta
1.9969114970082662,2.013794745607933,aug,tue,72.42399070123282,150.95083773048347,616.2537032898186,9.433640195511778,25.915262661297234,26.98427615855914,2.145260221610602,-0.0017870554212991066,0.27273144258961624,0.0,Forest_Beta
1.0075450179046306,3.0115676874081108,aug,thu,74.90545471900559,213.88713728556573,603.6468984713,13.925668064979032,22.866264377828582,34.08546109452515,6.089267844740923,0.00010153580901492983,-0.18784836983849165,0.0,Forest_Beta
5.0,4.0,feb,sun,84.9359729883783,12.28482103804071,41.68510038292993,3.9,12.935054525113014,53.0,2.776681986245966,0.0,6.38,1.0,Forest_Beta
1.0,4.0,aug,fri,92.38463578366317,157.85377684397858,528.9742319825345,16.3,13.086929401343957,88.0,5.767963184989822,0.0,9.71,1.0,Forest_Beta
5.984379832048939,5.017501354160596,mar,wed,72.5171067159849,19.01740084760377,28.416780555288305,9.930146925017027,12.966200803174642,24.53581641895033,4.807190566056942,-0.0008542506922754293,-0.20524568818188774,0.0,Forest_Beta
8.87384759747593,9.031965752984716,feb,fri,87.88815467730063,13.588746974176019,33.07130466227625,5.466546946546524,13.64821956906761,43.02526810693397,2.904966673915629,0.0031948167459395632,-0.6129053434301484,0.0,Forest_Beta
4.0,5.0,jul,fri,73.24645166548432,105.49774768557299,414.72215858549805,6.3,23.529751226454827,40.0,1.747745918145558,0.0,2.64,1.0,Forest_Beta
8.0,6.0,aug,sun,84.05345381906507,107.05471810226318,512.2965915385797,10.6,18.82322365649803,41.0,6.078018696022672,0.0,196.48,1.0,Forest_Beta
7.899898775889725,4.960342213995747,oct,mon,73.36140487027292,31.790159446123955,615.4902082251931,3.0632267978038086,14.568229183798602,46.99538980728567,3.9977640617684647,-0.0005920082472798359,-0.19277903058972434,0.0,Forest_Beta
2.0161347850215696,1.9835091682704078,sep,fri,72.26764551702479,133.38203715861283,564.9466565674505,12.135714783805506,17.954678004084926,33.053861432684826,5.167347482460936,0.0020487758611828174,-0.0825254057757604,0.0,Forest_Beta
7.0,4.0,feb,fri,72.18287811101806,2.680181754673381,37.449342601681224,3.3,9.164189423723347,53.0,10.434212939293175,0.0,4.62,1.0,Forest_Beta
7.904655124679664,6.034056892785166,aug,mon,75.54723847213894,111.86983647197927,582.2014247315327,10.768071857336636,7.550859930481318,86.58236125118738,2.246922164914333,-0.0011702749936454591,0.2872096968302536,0.0,Forest_Beta
5.950167345205796,4.008687790416423,sep,tue,83.69256085468264,129.76488814022952,596.4486913352687,7.101418363717413,16.213347800343087,40.36862102002159,2.5352383528089306,0.0006579102899317261,0.0655448897214643,0.0,Forest_Beta
2.9307868050601695,5.042308319005557,aug,sat,86.82160709012778,159.57217045719491,505.29070005704017,20.197460808059606,16.60197113284082,51.75202520315353,5.2539684545187395,-0.0018460884138591274,0.5003117654991217,0.0,Forest_Beta
6.0,4.0,sep,tue,93.21171171203183,119.84301113240153,650.2390124600041,7.0,18.214957286634103,43.0,3.2167662652815365,0.0,103.39,1.0,Forest_Beta
7.0,4.0,sep,fri,69.8253930048549,90.39132764801818,679.1526282520844,15.9,19.571226082828,47.0,4.797319323242576,0.0,26.13,1.0,Forest_Beta
1.9790345602443846,3.9901391742242835,sep,sat,79.79598030573746,92.91842951013317,564.7179060738011,8.611718363275502,20.810522193827623,29.393010785010432,3.7995942439651302,2.1075355877453246e-05,-0.026448404397689813,0.0,Forest_Beta
7.96305304300986,5.995566318461235,jun,sun,94.82369263671092,80.11588177783149,263.17432542876736,6.427046837298815,14.336770440689206,44.710773818846256,2.155941591254967,0.002320635772052936,0.3853154360052185,0.0,Forest_Beta
6.069647936045249,2.982714018190566,nov,tue,66.67218812409762,2.692900575581061,87.13056045025556,1.0826613497234485,11.044104265058444,31.321462344135064,4.733282288841925,-0.0003025295846229782,0.5154787138446792,0.0,Forest_Beta
1.0,4.0,aug,sat,91.91828571741208,79.8251898350259,532.7429570843933,8.9,19.963563654697637,39.0,4.787786962033977,0.0,4.53,1.0,Forest_Beta
5.0,4.0,sep,fri,83.54909639131974,71.838975180997,700.8623643882154,9.6,11.320345348388903,75.0,3.512810458786797,0.0,3.71,1.0,Forest_Beta
1.8708118156983233,2.0101210460138623,mar,sun,70.77696976962439,46.444055238233084,79.29621119720976,9.557273266937793,5.2429225567164615,58.777202772068684,6.433239877736338,-0.0021135286783999663,0.38858131471953844,0.0,Forest_Beta
0.9816873427240872,1.9599314801233922,aug,sun,82.24266647784917,168.82345490391194,587.2460719652578,10.671073238196463,17.39528927108761,38.572710778262554,5.918995322157279,-0.0003912175359088781,-0.13005359487647428,0.0,Forest_Beta
4.0,5.0,aug,wed,71.70505406103385,198.72163215849812,610.1896329752084,18.0,21.76004039428386,49.0,4.686167679768341,0.0,6.43,1.0,Forest_Beta
3.0473439419954476,5.977451204648764,jun,fri,97.61797572501428,97.66213293527456,202.47968159053175,7.076867325339825,17.921996114380363,37.7519731979083,4.636386617347037,0.0014976296371683896,0.24271005110997884,0.0,Forest_Beta
2.0,5.0,aug,thu,72.35290030013539,150.94549505274313,501.7692158033606,10.4,22.869338318121773,28.0,2.697177182184639,0.0,8.68,1.0,Forest_Beta
5.978620424545919,3.004293008587236,apr,wed,85.5494585076053,18.33214765903307,42.8368546400353,3.673866508693376,13.401895323282636,51.12454902650748,2.822440932393077,0.0006631124830026006,0.027523717502064088,0.0,Forest_Beta
3.000415921146582,4.030187399087859,sep,sun,92.83447225146722,91.65581976821008,605.4525955072252,4.661309156759237,19.9596592527101,38.66861151306918,3.310485027296999,0.0015394895379973559,-0.42997953980725506,0.0,Forest_Beta
6.034390578205257,4.0259424569381395,mar,wed,80.3809030832064,31.56588658277352,57.90775077455822,6.358549779023182,14.292257890632618,34.56068879455043,3.5695318702194445,0.002656657492677338,0.4366769648230032,0.0,Forest_Beta
7.924340761351646,6.020868893291297,jun,wed,98.50355074504246,132.56944105407806,324.03236950648335,12.693363726409311,17.968808847205214,43.012307375512336,4.340802694462491,-0.0001369522212300738,0.5289560304153376,0.0,Forest_Beta
6.986194771729944,3.9646044170432835,aug,sun,95.64332188106188,135.21543207979525,563.8492429910333,10.59268011308404,15.101424748079967,60.00746965228511,5.2733962601244935,0.0005115241915132183,-0.45390588291916467,0.0,Forest_Beta
4.031293574772581,5.044404715851444,sep,sun,73.46965267155318,181.2281536815862,738.5710058968647,6.933504068569074,12.940951490118339,77.0789314656022,6.655994913223785,-0.0012687179100172943,0.1819483043898622,0.0,Forest_Beta
7.0,4.0,aug,sat,73.42997489093224,248.74156512290884,796.433233970484,7.7,16.07678235422853,72.0,7.540933258755293,0.0,1.94,1.0,Forest_Beta
6.030320918440836,4.9700719352123235,mar,thu,83.84204520587531,19.052814698111167,47.19631260906314,2.988423996316482,6.088079474136227,69.56480095672008,4.638833618064248,4.824481409406049e-05,2.2078145456080494,0.0,Forest_Beta
3.014670101288324,5.960148845560446,sep,sun,87.2298476536054,94.4273447443089,631.3618940070853,8.548241737851617,14.965549945181678,57.956376314339074,1.1299371516375822,0.0004218454236729206,0.3520108929627317,0.0,Forest_Beta
4.013787842085322,3.946442594250791,aug,wed,79.26199076217861,141.8351635927876,572.0288349701061,17.52572033129645,18.529327261735205,58.26194474426319,1.0670187306448422,0.00031535588615475317,0.4647362587773366,0.0,Forest_Beta
1.9452633871790885,4.022932599052474,aug,wed,66.53144522739636,77.62640293659575,432.7879977023861,9.69914641230123,21.0260533929205,69.82516320792142,2.8565480583389,0.0005238897339879454,0.6536517225292583,0.0,Forest_Beta
6.051404497044699,4.977653552746364,aug,sun,98.48063450683684,141.86190924301647,619.8264059290359,8.179082429710393,18.03567515740751,69.84500375565668,2.0310303867543764,0.0010565525854789321,0.10236480832263865,0.0,Forest_Beta
8.004483245182774,5.993703894976481,aug,sat,84.60676540981208,195.29179142898445,592.2432208842793,8.339891907708155,17.35379528692379,63.97949888483659,4.266317739160022,0.0009496026634601409,0.0833024765724036,0.0,Forest_Beta
3.0,4.0,sep,fri,95.40194061068011,95.28037559077796,652.720267273176,13.9,18.476902017459004,49.0,3.7154313707949562,0.0,35.88,1.0,Forest_Beta
5.975239863152758,4.990541457601645,mar,thu,74.75702204160102,13.396483258494799,20.199846374833918,7.857640107973232,8.226597767745984,51.13079353150583,4.9398970152862,-0.002580832615991346,0.542660329443968,0.0,Forest_Beta
1.99853637064892,1.9844720605247352,aug,thu,96.33943146728846,214.23742917539803,691.4750898189959,6.0578946761138095,18.711681736949338,55.76108745080452,2.1458402949080986,0.0021174042629556497,-0.2697819696073687,0.0,Forest_Beta
4.0,4.0,aug,wed,76.57741037759084,146.90367668137444,574.9490348706983,17.7,26.19633440353801,33.0,3.8204148701251155,0.0,0.0,1.0,Forest_Beta
7.026731248151954,4.011529793398648,jul,sat,74.24496458677463,93.73657047357928,418.85065358753843,9.02488802956092,21.315814806699315,32.23214902953582,1.5301529239048142,-0.0011125259680934817,-0.08975963210696103,0.0,Forest_Beta
3.0,4.0,aug,fri,87.95150577626579,108.78455800045809,554.9779155208525,8.9,11.218986797658363,84.0,8.416519769809783,0.0,3.3,1.0,Forest_Beta
2.9794745921445673,3.959029206193581,sep,sun,71.55410887080262,86.05041855724292,600.036282799119,8.38594141079316,19.65509803376313,42.44034969727113,5.653292123196837,0.0011232546340425168,-0.6693118225004309,0.0,Forest_Beta
1.9879299363783032,4.011666786212496,sep,sun,80.5761639417669,89.903141535692,661.411090195118,9.701955275722142,23.393954143238116,27.208423076629703,1.9923048321812136,0.0004946704456270052,-0.019258838626400647,0.0,Forest_Beta
2.0613532874698692,3.026345821877459,sep,mon,85.74547991854321,127.29202788316636,721.4800740511419,6.151433495060502,16.24568467552966,51.17490100474442,5.7810360468510575,-0.000714104230643557,0.1590351596540821,0.0,Forest_Beta
6.0,4.0,aug,thu,102.71991315158087,129.9719023776971,504.24736433295493,10.4,21.11374801971659,41.0,4.414623552095249,0.0,1.9,1.0,Forest_Beta
3.9234228855683857,5.981233465765895,dec,fri,64.72189257130685,18.968741257470377,316.42158101337037,4.231109628136606,4.865881972687868,58.988055864420396,4.814772244651512,-0.0003637242086810958,8.951892915055799,0.0,Forest_Beta
4.0,4.0,aug,tue,72.40503154317125,112.70898660236915,557.406993173112,17.7,18.587859078665968,71.0,7.362322434251403,0.0,46.7,1.0,Forest_Beta
7.06271218929447,3.988899108978359,oct,fri,88.92679085987359,38.59833310864996,664.6331862919687,8.675598559829337,10.48145928952062,59.26347524145608,5.364237562061139,0.001193312618265772,0.4265169739714674,0.0,Forest_Beta
2.0,2.0,aug,tue,86.7634084920702,104.38819641405905,588.7903411795409,17.0,23.371510368206675,22.0,3.980246689328812,0.0,8.71,1.0,Forest_Beta
7.033661760713909,3.9719287768468665,aug,fri,69.46670923629806,163.6425749452894,660.1787461565903,12.069746353941069,21.053693179863668,34.525082049219705,2.7921398189854623,0.0007891786159464038,0.024401121435533486,0.0,Forest_Beta
3.0,4.0,aug,sun,84.19809043849725,95.04222959812525,513.1511966370996,14.1,23.526088173782288,40.0,6.450223276408206,0.0,1.29,1.0,Forest_Beta
3.0,4.0,aug,fri,92.95517393890275,123.67845911135979,500.5902383289825,8.9,11.311181610959322,84.0,8.119356975747976,0.0,3.3,1.0,Forest_Beta
2.0700264987861448,1.9751284377747227,mar,sun,86.0006086049009,47.832223480491315,77.67522024012322,9.686718525856444,9.944893267006563,38.89244972923838,5.86696231516282,0.002825473334962308,-0.10694937534903809,0.0,Forest_Beta
2.9179786359862927,3.988310224043442,mar,tue,73.10008550673906,17.808293821293976,57.389367660695015,3.7658257135278013,14.385190647907178,26.434064332375154,7.696140725478086,-0.0006795735198101099,0.0877745725110847,0.0,Forest_Beta
2.961339649446962,4.011960675595787,aug,wed,94.93229173860966,169.642078014682,581.8092480650911,13.509557410166993,20.81108622359491,40.43708752662938,0.8932254183522689,0.0006115201916145415,2.5501736516623983,0.0,Forest_Beta
7.9901023717395265,6.010560733506746,aug,mon,75.91970503654304,87.86842550903076,452.5635107846454,8.311832216784692,21.988497175503287,26.872316839404746,2.954360679995595,0.0016028488974242563,-0.02033384895969548,0.0,Forest_Beta
1.0,3.0,aug,sat,88.72844152387671,204.26232736466602,541.3691980343708,9.6,24.69724202119573,40.0,4.380870986837309,0.0,6.36,1.0,Forest_Beta
2.0,2.0,aug,tue,99.94562664933439,96.52702127891004,528.2528636995477,17.0,23.612506162180185,22.0,5.227629521348898,0.0,10.01,1.0,Forest_Beta
6.96885963663485,4.998669903830468,sep,sat,78.23776788810379,72.09892286979381,590.0832186086826,22.523649389037786,18.228769687842767,37.747905072237835,4.059247079621081,-0.0005911165269890202,0.2064509952236968,0.0,Forest_Beta
6.974135779899467,4.014447117740031,sep,sun,72.56137023192817,87.88689135887826,609.7120109552859,5.70133191305861,15.634602527933481,52.94977327997573,5.254984580835587,0.0031345258766283845,1.1864780401232073,0.0,Forest_Beta
3.931057359543219,4.971848350260323,mar,fri,78.33754450119017,19.104114799143613,47.18620727556463,2.647945239143813,11.240806711485913,52.15189649712406,6.252262167520885,-0.0036732228934973233,-0.047508444638356316,0.0,Forest_Beta
1.0164776314965147,1.9994516838465897,aug,wed,94.41304388022843,84.5977093811496,584.9161729894034,9.47819589998205,14.268821897155238,46.96236191738866,0.9702155245222355,-0.0009925232870955022,0.5379322525360744,0.0,Forest_Beta
6.995126505976406,3.9819913608337614,sep,mon,84.34341445845942,70.31608745543434,731.2392916844859,6.314796363610054,16.60330900336053,44.54924102926428,2.1562808321993,-0.004067068878740255,-0.08246277740462755,0.0,Forest_Beta
3.9748525753602357,4.996543665523648,feb,sun,72.85090809937279,9.517471426417076,52.14316197646795,3.51303794175412,11.076256797688847,62.40642108720625,1.9988473910175601,-0.00017787261057510638,51.74107391126539,0.0,Forest_Beta
6.05093387357227,3.0105416237197176,sep,mon,81.76647897040192,120.86524223580106,684.2464551147568,7.454904687668887,19.120404441192985,37.17801792434906,1.7323460954583882,0.0015099306733521725,-0.7053374122068699,0.0,Forest_Beta
2.0,2.0,aug,tue,87.74605354644186,81.58214341824302,557.8831024387111,17.0,23.740926611723875,22.0,5.692079125945766,0.0,10.01,1.0,Forest_Beta
5.8835661658069816,4.984177616083624,aug,wed,94.44903463700423,129.43783313859245,659.1213175024833,13.688844471758868,19.622165138901508,37.113970218509145,3.177077241656166,-0.0008200145167624541,-0.19424632758187158,0.0,Forest_Beta
2.0,2.0,aug,sat,92.7822682708996,264.1256623557627,692.2381075656571,8.4,21.18689969232001,42.0,2.5901296443019595,0.0,174.63,1.0,Forest_Beta
7.983055778594083,6.019032212998642,mar,fri,83.48137091828424,29.302279685458135,74.87786063463919,7.861371542389443,15.357320930001768,24.112009116528274,5.046515123890751,-0.00145683224674338,-0.18351551993197707,0.0,Forest_Beta
6.0,4.0,feb,tue,64.3532220455711,4.350768152809175,15.97809054804791,1.9,5.670967244998868,77.0,4.589354942834254,0.0,2.14,1.0,Forest_Beta
7.026689478685961,5.031748067360373,apr,sun,78.79783100117251,1.5438224216489307,10.233115025494223,3.485166471809425,12.115383248100262,74.4554962277075,1.5903217028820806,-4.1487695203652815e-05,-0.4290049312489598,0.0,Forest_Beta
4.0,4.0,mar,sat,81.63384875992557,35.45501022061793,75.62022996811524,7.8,15.705056790218789,27.0,4.974901502604805,0.0,28.66,1.0,Forest_Beta
7.984918706964088,5.9872693637393555,aug,mon,97.24574268503576,98.87220198956797,547.3022129165043,5.903385224380403,21.2588791109194,22.095065034396065,2.3597321267124736,-0.0007062927799889139,0.5365687191633984,0.0,Forest_Beta
3.9677876452750303,5.0214342102992555,mar,fri,78.0516060536562,31.443236585227393,97.77533307341888,12.515206689740094,13.709681869055126,26.923824832169263,7.00890726232711,0.0019114431613753119,0.25086210974888495,0.0,Forest_Beta
2.9553528091519583,5.041934547991102,mar,mon,67.5895277528874,39.20318018992089,95.61863607547753,5.092683069900199,8.455219878696727,48.58231169942639,1.8154885501857378,2.078299673156732e-05,0.8350372234501959,0.0,Forest_Beta
2.9972224684752744,3.9599991193532627,aug,sun,67.4857454794605,122.6425932664732,525.1805481343296,10.442344341788845,10.35725121851147,87.40497598927593,4.227501351352377,0.0008886448589908598,0.19697528450484222,0.0,Forest_Beta
7.941169547677331,3.0221808298909,sep,thu,98.0249831714087,54.20914358257659,584.6860754128428,18.034307541647646,23.045705169883735,26.361865650893655,5.789745381483799,-0.0009159823660080944,23.728155884053095,0.0,Forest_Beta
1.0,5.0,sep,sat,92.31087931636009,106.6986417875483,659.1272986095711,8.1,27.326182202243068,27.0,2.694015384103895,0.0,1.46,1.0,Forest_Beta
2.9419816443326283,3.9963195130151434,aug,sun,72.1977333330909,104.05728515882717,513.5662805312905,10.77259163962529,18.115370544778944,38.71339210054054,5.285985639765627,-0.0003118163735036939,0.23356264241312982,0.0,Forest_Beta
4.0,5.0,jul,fri,76.8436932581285,112.37396249733709,436.65608592478503,6.3,22.64623325717081,40.0,1.3739255057464193,0.0,2.64,1.0,Forest_Beta
4.106038220098557,5.003930880375586,mar,fri,77.57180814820802,35.27267553249842,73.13606420237161,8.909173604759328,16.028045208865702,25.55470352093728,4.645193161290146,0.0013535310991766873,0.10816441610601422,0.0,Forest_Beta
6.9851372042003,3.9834209270220717,aug,sat,96.04769359512008,119.76576351707531,521.3824210169415,20.4687943693354,20.788027282089324,31.976262282880626,4.806197015065837,0.0007941127749264396,-0.03277737787928962,0.0,Forest_Beta
7.021620913822693,3.0102724682280435,oct,sat,79.20319128536316,39.575819271448196,651.0970862957035,6.7851142793894175,16.421453749944757,27.427617103257024,3.919104692714028,0.0027232233290310067,0.24111118483214222,0.0,Forest_Beta
3.966894401017367,2.9562439069797635,mar,mon,69.53589756056277,61.39916335918678,102.23508891779964,5.047878113273761,12.442994942155629,45.990286088371725,5.882336875348769,0.00013021457510531824,36.894022960665744,0.0,Forest_Beta
3.0644396105815757,4.006854579278614,oct,sun,69.00792905478524,47.135746531283665,646.2429279900738,8.884226932134096,17.9700099705108,24.63459472220438,4.452874762833295,-0.0018025019584289083,0.21310723982604685,0.0,Forest_Beta
1.9536199519499113,1.9882076118162177,sep,fri,77.25647804611634,95.32532498017689,659.8603940714802,12.221409349720867,17.74188284848079,32.90253252988281,6.720832302925876,-0.001742381421111702,0.4097251578715439,0.0,Forest_Beta
5.0,4.0,mar,mon,95.76066017065945,37.86521498901084,73.17979636814728,6.2,14.235018690236855,40.0,5.247282067355395,0.0,0.95,1.0,Forest_Beta
3.99092843914294,5.026212069121098,sep,tue,68.05784847817829,114.40750297623909,697.5183950722649,12.571155013530934,14.29530279816664,27.00215180717714,3.102638971057985,-0.0005438125492036571,-0.015962924911992925,0.0,Forest_Beta
0.9650278769254844,4.00096117665732,aug,sat,74.46764489540159,93.16329836490927,555.0433749989454,11.293664472429198,22.974826817999652,41.83594506153115,4.312246944781563,0.0019718805461362704,-0.4507336266822916,0.0,Forest_Beta
6.0,5.0,aug,tue,81.36371338938332,153.92390631555588,613.955048698604,14.3,31.389405908631428,26.0,2.8566041165965324,0.0,40.54,1.0,Forest_Beta
4.0,4.0,dec,mon,89.34699469880715,19.86537819403683,308.75086678288505,2.6,5.658240207854697,21.0,9.774757213841635,0.0,17.85,1.0,Forest_Beta
2.9773968885499955,5.011936210046041,oct,wed,91.08089741328,36.979437950741605,582.0708217244713,5.224354733577318,14.572980858833319,45.88291992217597,3.8676297687024577,0.0009764217565147384,0.05663880940341889,0.0,Forest_Beta
3.9897000028123784,4.969255504403572,sep,sat,77.62333886797494,101.98291821716224,604.3530474337817,8.52133883915519,17.229092829693187,25.121619639361658,2.9211458432969413,0.001455004322621336,154.98067871808252,0.0,Forest_Beta
6.961074989521288,5.003173325856706,aug,sat,74.75881202713633,236.63648618264583,658.3149135478915,8.503673639435577,24.133267181869982,32.84792704690442,3.790723823011514,-0.0016636403954442126,-0.5088535700711742,0.0,Forest_Beta
1.010532791480742,2.0194183033805193,sep,sun,72.82119755480457,145.07140346021237,704.8005430330749,8.247101745759604,23.53395494566226,36.03246786495223,3.6721499081708178,-0.00011837920975463886,-0.16413638288722635,0.0,Forest_Beta
6.0,5.0,apr,thu,75.97943232105581,9.706466084479267,48.533361262252406,2.7,7.6868535849463955,54.0,6.402336426629953,0.0,10.93,1.0,Forest_Beta
4.027916850245162,3.0614546635933584,sep,mon,78.37533345440254,97.41663252561725,735.7384958702179,6.355154756245437,8.420772931750045,86.02702510174552,1.8639125500558145,0.001927491705924207,0.40089540680247016,0.0,Forest_Beta
4.0,4.0,aug,fri,94.81394155922021,178.90359656678007,632.5213686143973,13.0,23.093751553666664,53.0,4.1018757050062185,0.0,6.54,1.0,Forest_Beta
4.00050919958524,4.976334019172907,feb,sat,82.61616538973679,5.63689409354427,57.44561502869056,2.824028710481531,12.305008247964185,46.39887226357935,3.997245497265749,0.00035516308939138993,0.1773362675438064,0.0,Forest_Beta
3.0011825559640273,4.021906612546162,aug,thu,72.25793286272351,172.50025699894985,667.4261154473329,6.240486317896878,14.864313156836602,56.10880019284709,3.249481108700675,0.0003721951395510187,0.200340149381598,0.0,Forest_Beta
8.0,6.0,aug,thu,89.40059859876955,154.68552058215127,677.2666612741028,13.9,25.649091892062042,27.0,4.332836241635756,0.0,746.28,1.0,Forest_Beta
7.0005897803444235,4.002684758346954,sep,sun,95.47739529229172,111.76603744156608,661.0952416102726,10.08186859892999,22.184466945815302,26.90732894867575,2.5998073804821615,0.0005579832019910538,-0.0010453173927560682,0.0,Forest_Beta
8.0,6.0,sep,fri,78.89020367540365,69.63866688783258,719.7901436106473,7.2,20.898619209710045,46.0,3.2569419575486274,0.0,30.18,1.0,Forest_Beta
4.06519301884285,3.0247821158496384,aug,wed,75.48405651198063,112.28168619009742,582.8730733282192,20.10183888987571,28.65761577011662,28.997283916683383,5.926629919141887,-0.00032942244980178567,49.11406681200629,0.0,Forest_Beta
7.0,4.0,sep,fri,71.7866990039613,62.485293883919276,646.2660335914924,15.9,20.208828620676535,47.0,5.136977694487345,0.0,26.13,1.0,Forest_Beta
3.0,4.0,jul,sat,75.01708725417875,48.37737519236869,372.8505754016798,6.2,23.50506501310874,43.0,2.138849160271573,0.0,1.43,1.0,Forest_Beta
4.056797863487519,6.019291588353235,sep,thu,72.50309045780504,50.904980907565054,655.8104049464347,17.741115697134983,15.806483556587006,42.16932770077123,2.761659841438014,0.0003058604514849347,-0.1735988511149605,0.0,Forest_Beta
3.9466569599351247,3.9722104950803048,mar,tue,89.05618021812217,23.724698485749897,65.29858795824762,3.8315195308411965,13.198799430469174,42.814527933800655,2.8419438254452762,0.0003913578561774795,-0.05464095724156417,0.0,Forest_Beta
6.014026204793751,5.018666562745245,aug,fri,64.20425342908771,67.45566944275689,545.807007333531,0.7116128660062574,15.852405915051632,72.2387684290626,6.149532741476546,0.0010556507467061778,0.10773206415417326,0.0,Forest_Beta
4.017107747610188,4.0070328613479385,aug,tue,92.96070905863432,168.37021260007063,602.5085147486934,14.34764002646899,18.910865629901227,69.18747323920456,4.316304386683186,0.3263021489239793,0.07705594667535653,0.0,Forest_Beta
5.926820761635201,4.999215535158925,sep,wed,69.22342297182438,98.46849373963711,703.9195619080068,8.806021530294789,22.58300087583528,26.651737577655734,4.4090877914018005,0.0008894362300260875,0.40602037723339035,0.0,Forest_Beta
3.9801751638494958,5.037290502606194,jan,sun,15.485238966696002,0.4086528138915513,157.2582152119839,0.14679047259591776,4.714643402585197,100.12351781246737,0.9328209553436064,-0.002632271122636636,-0.38522272939408353,0.0,Forest_Beta
3.0616179774215717,5.00275144125096,mar,tue,74.83288839666987,23.048207845061512,66.10672284787562,3.9222446229865615,14.047328880849367,26.867951640215388,6.420271591415215,0.0008351743644524696,-0.07160867861549453,0.0,Forest_Beta
1.0519264047552772,4.022982904740099,sep,sun,71.40491169444891,64.3358095907164,688.4732514635721,5.6536720100317455,17.4266184807112,51.9587031009804,2.0088459505102234,-0.0014058132226038127,0.21785325674256142,0.0,Forest_Beta
5.0,6.0,mar,sat,69.00307345345327,51.57583750950306,86.958550536895,7.8,15.467562927385806,64.0,4.735405669102488,0.0,13.99,1.0,Forest_Beta
2.026642805495429,3.9958234819684906,aug,thu,75.67830592221019,199.54874024058012,659.6744141219856,6.240449658252432,14.247206057820362,58.447379061961314,2.6200360473996978,-0.0010898798457224502,-0.3580047486807084,0.0,Forest_Beta
2.975735787754585,3.973429191584417,aug,mon,86.04179294211661,125.66699121566988,568.498544077404,10.71341389251806,9.394074943070594,73.72202833006476,1.8355261843186632,0.003156759984072057,-1.105487271032504,0.0,Forest_Beta
4.0,4.0,sep,sun,83.52674614046008,151.9895744646478,693.6248392848529,8.1,21.329861653308733,39.0,5.327307096712631,0.0,48.55,1.0,Forest_Beta
8.0,6.0,aug,thu,83.02300567062679,122.31488159455373,625.0709763570608,6.8,17.389101291954177,63.0,2.709510683468121,0.0,16.33,1.0,Forest_Beta
5.0,4.0,aug,tue,86.93988807144113,105.56689448411059,568.4803501336221,17.7,24.518859924514086,34.0,4.414270545974102,0.0,16.4,1.0,Forest_Beta
7.0,5.0,sep,tue,87.21128706974974,141.70676406908657,600.348151111514,7.0,20.340533787002858,37.0,3.245630475718142,0.0,17.2,1.0,Forest_Beta
5.925612006379668,3.01189946370486,feb,sun,80.84020854529679,30.134873742667853,303.34688532735055,3.5579089217675914,3.728630474098368,50.738239529517756,4.14516300590004,-0.0007865321732410454,-0.08624679760500496,0.0,Forest_Beta
0.9711343672132281,1.9977861988181513,jul,fri,72.53161623244804,79.58429855822953,320.3470927301466,16.84062122813865,14.183294588702319,77.74738646607182,7.393479881477034,0.0006388585481673622,-0.3983872457251149,0.0,Forest_Beta
1.9610177154277653,5.001281492181983,sep,mon,83.89109006260801,88.57702805569149,620.3232339346085,7.146159416855498,20.484468332132693,39.059438806150254,1.5694103703747413,-0.0006324405126893307,0.7402119100534444,0.0,Forest_Beta
8.006047129122392,5.987103466295904,aug,wed,84.8515221374724,155.48482077253,591.6050018750323,13.520239301847798,24.912786832459698,28.172857773819583,2.7113968204662675,0.0011866417400194199,-0.3122991669610076,0.0,Forest_Beta
5.953326523297354,2.961531464006053,sep,fri,74.73010874701134,117.9267467407198,696.7413294302881,10.189366250892181,14.126821588302029,54.991205921446415,3.1138887057544085,-0.00013565780863387586,0.5258352010338672,0.0,Forest_Beta
4.979590236229894,3.9316206426846865,sep,fri,83.44375481056504,73.98342543030859,694.3480401521645,9.685406066525829,8.793036391714919,74.82996713456888,3.282434040691019,0.0005405994844277005,-0.039510969489765325,0.0,Forest_Beta
1.0,2.0,aug,wed,102.89023705178455,74.26369181355409,478.22468116009554,13.2,22.015518157279505,31.0,4.674240436975518,0.0,0.55,1.0,Forest_Beta
6.8851426687593165,3.997717182401343,oct,sat,74.90983360390604,27.775227445496984,593.7755487471914,6.65381137106741,12.770173061639875,32.97475351000073,1.0590045570260576,0.0005982312106610909,-0.08494965597747368,0.0,Forest_Beta
2.9386801778057405,3.9787199147985715,jul,wed,93.55466733543344,113.53329049160577,510.1212839085942,8.134255721775794,12.197703017106225,57.879880774768665,4.195232319198776,-0.0027279760714763973,-0.17976235164679372,0.0,Forest_Beta
3.0587195553941227,3.9798563058278575,mar,mon,80.63798152350266,25.624450915522274,67.68762192738707,6.1732165660030525,9.501483515530856,29.670806445016705,3.534223480209913,-0.0026964398913151087,-0.23709397760088002,0.0,Forest_Beta
6.0,5.0,mar,fri,93.96801386449499,34.02741123396303,89.46484512918384,12.5,15.639440993429469,26.0,8.72242286519785,0.0,2.53,1.0,Forest_Beta
4.993891066453576,3.984963320515371,aug,sun,85.8262260458451,225.5352252914359,597.1059504220517,10.130700044442447,22.48654276640076,49.73114704550055,3.233146935375994,-0.00023620217454509008,0.11570854304752784,0.0,Forest_Beta
6.886699768359386,3.9451001362648572,sep,mon,75.9795060106987,132.09939074599833,651.3838052174465,7.208682693842077,18.270090765273636,48.09561409842634,1.2637592274060658,-0.00044633878315634057,0.23262393302151316,0.0,Forest_Beta
2.912477128994488,4.013122334321124,sep,tue,66.84526584060883,77.40978870684151,556.2750855299399,3.260001561487019,16.470770564184413,45.29901526204071,2.7079973361590297,0.00062637450054724,0.31396151396382527,0.0,Forest_Beta
4.0,4.0,sep,mon,77.66154490231706,103.10948961587617,607.7724577879495,7.0,18.44412365271427,39.0,2.2254587443869367,0.0,3.07,1.0,Forest_Beta
1.0686249360191198,2.983239414960612,aug,fri,88.28692427632373,183.15430695291815,518.4029871498108,11.309316013673946,30.40454268996545,27.129406013297427,1.9101854667404208,-0.001734516520649247,0.3750090027117288,0.0,Forest_Beta
8.0,4.0,aug,sat,91.4079568955341,224.25265661901912,699.8990017138888,7.7,20.718185166955507,44.0,4.650414909225055,0.0,12.18,1.0,Forest_Beta
2.0,4.0,aug,sun,79.5239363039747,231.99110569916925,679.7215875391121,10.1,20.154114299388503,66.0,5.035409388995916,0.0,15.34,1.0,Forest_Beta
4.033323043141363,6.042425577920916,feb,sat,65.33327477321988,22.599413321131,77.07644732652413,0.7576343228752698,13.632551961314581,39.56260829208246,2.9198498075304955,-0.0002226687191310786,-0.28331785864811493,0.0,Forest_Beta
9.054810462866213,8.98723161511925,feb,thu,75.58247852484438,6.1065048929002606,25.33985553846378,7.714302624588787,6.158577759427428,78.66228312079502,3.2106051961597157,0.00011933954063122954,0.1405298821078265,0.0,Forest_Beta
2.0,2.0,feb,sat,61.009952978005884,3.7834019652938724,14.151600544613371,1.8,5.635937675127779,59.0,1.4657242137211837,0.0,6.84,1.0,Forest_Beta
6.0192374510443925,2.9871286355205555,sep,fri,99.54305090130639,77.69692250838237,584.0010226755596,15.810531881363406,22.652093660961235,24.2091107606443,2.9629643089053617,0.0005669226632065899,-0.2432592655466772,0.0,Forest_Beta
0.9333544168277609,2.014179156601825,sep,thu,70.47982808923689,153.48615585989535,647.6109969608826,9.410386724356686,19.01773543272517,14.797363539559445,0.7773737802807288,-0.002217757221428605,-0.20827650522214963,0.0,Forest_Beta
4.0,3.0,jul,sun,86.89029705045802,91.90550382853112,347.1912600141777,14.7,26.446922165582105,45.0,3.8616490752783745,0.0,7.36,1.0,Forest_Beta
3.9613769394441585,3.9649868798410384,mar,fri,66.731468845028,14.767062251189474,43.270988494686385,2.924943377585845,12.153382294692186,43.04205637533925,4.910937613309585,-0.0025147554746773075,0.3074094796133056,0.0,Forest_Beta
7.926742779715336,6.038308072837809,aug,sat,73.28619334236639,245.88554033513813,763.2691158128101,9.811606847279519,12.751021088328786,72.92465276769293,2.278573343882295,0.001399524055191176,0.9468800692527328,0.0,Forest_Beta
6.0,4.0,feb,tue,70.55817550547816,4.100334137312947,15.517117758157429,1.9,5.626407770912555,77.0,5.191363817902628,0.0,2.14,1.0,Forest_Beta
3.020020164512606,5.986043831547778,sep,mon,81.16060439216318,90.1890584661534,665.6992811762913,7.153607294045501,13.697986844524568,66.5686364918453,2.982897439898662,0.0027066303789037615,0.06238761292383544,0.0,Forest_Beta
2.065972637394056,4.020188677977543,sep,sun,39.24704914478581,33.352718871498645,592.2651449714159,0.4548558206341364,10.647846383940985,78.23302180908979,6.620469585014678,-0.00010034276343498806,0.1136247894328742,0.0,Forest_Beta
4.0,3.0,sep,fri,92.130661188819,232.73045353554622,693.563214298909,7.4,19.299151020874522,44.0,2.9528341175073076,0.0,7.8,1.0,Forest_Beta
4.997677537731923,5.9963056265389625,sep,wed,86.98652319397114,65.23733179222255,636.0980233631946,15.813356594855597,24.038591535009264,24.563167537704327,4.127711864372152,-0.0018450870903581038,0.060998117192018086,0.0,Forest_Beta
3.0,3.0,sep,sat,78.80460304762471,68.69139586694156,713.9833993008893,8.4,23.929932911896202,27.0,3.2559422155102253,0.0,6.58,1.0,Forest_Beta
1.9437490492634133,1.9741251369757422,sep,fri,95.61674666326698,97.2012450516085,630.1169196288884,12.35026225461263,19.88885188532258,37.40133886143974,3.9948635598801756,-5.788889644938625e-05,0.13630983970998334,0.0,Forest_Beta
4.0,3.0,aug,sat,71.5979861027845,109.45100894880918,542.290442097496,11.0,20.96039170217833,44.0,3.0312264229409784,0.0,0.68,1.0,Forest_Beta
1.0755268579939627,2.002493046548925,sep,thu,84.81530495990248,137.79991235975396,689.7093719269919,9.22833932681387,20.18651101605178,33.837896718491905,2.310402297908919,-0.0007193842854707359,-0.145462040982903,0.0,Forest_Beta
6.94143181355269,3.9944053663731776,aug,sun,75.9816758418299,133.3086089953928,503.08319743122047,7.613193115575849,17.67975707479174,61.155515752391125,5.062959423979889,-0.00031944980898972164,0.030087013009159218,0.0,Forest_Beta
2.9853581030362766,3.9906618221801113,sep,wed,85.49863461093473,152.85655525409354,782.025941943028,7.195950058713946,17.024631846796197,30.10522733869187,2.403442702297327,0.00018333871263422532,-0.009976849158967545,0.0,Forest_Beta
4.01716100894731,4.980050815474967,sep,fri,88.37052425602101,89.97907721398018,605.0763931574131,15.962698573432489,16.286632163350895,37.39991176093519,3.6662156863935245,-0.0005903175884697149,0.11097673381230845,0.0,Forest_Beta
5.982561703461979,5.027486918826596,aug,tue,96.77228973913478,116.63551881927773,528.4737362043727,22.82641219108418,17.595655374555985,55.48421105856317,3.9447564568859903,0.0025485013587994883,0.27696079162415355,0.0,Forest_Beta
5.968791529206745,4.985472553737941,sep,mon,80.76043448890894,121.00794060062482,648.4972858622812,6.982471213141666,18.351589682782514,41.98031191796223,2.006635363947383,-0.0008057591930214563,0.30298183204539086,0.0,Forest_Beta
6.064669803232792,3.073520558377463,oct,tue,76.51860965274722,26.9310285255145,629.126246279217,6.6857633626131205,18.65738865099624,23.566303590580045,4.31574692849344,-0.0031301641658818347,-0.07797105440001491,0.0,Forest_Beta
5.98731652103599,3.045295501858324,sep,sun,69.20889865765373,110.03565892593826,638.2579313984385,8.038412742046127,21.425180524286354,39.07916366480283,3.0139082532710533,0.0013677697822405816,0.4729005414750549,0.0,Forest_Beta
2.0305560011390944,5.0191030880310725,jul,sat,73.41047333076807,77.31107459845536,435.61965189844267,8.938260440206765,17.090205023422683,53.27944094024291,1.7481474647673405,-0.0013557052197851714,-0.24254489756831987,0.0,Forest_Beta
1.9361748750907586,4.989843333838339,aug,fri,91.08930965792949,88.18498626392568,501.15845576008513,15.309331989302509,22.567030409794665,35.87005575655293,5.502329499590337,-0.0012778211109985371,9.81438170949006,0.0,Forest_Beta
8.0,6.0,aug,tue,99.88995489477303,197.76151271795032,600.2724879603127,14.3,18.99582372435259,65.0,3.999560705475086,0.7251422150813771,0.0,1.0,Forest_Beta
1.0,4.0,sep,mon,84.25593196266935,100.335265626538,713.5853528260263,7.5,21.179767603691374,35.0,2.4119881275884345,0.0,28.19,1.0,Forest_Beta
7.045211097678116,4.072217327977802,aug,sun,85.27082716699725,167.8844389253629,575.0472951483354,13.751495875879053,20.39013888196489,73.1242862193919,7.261320450057569,1.1215162036905184,-0.057319625130659066,0.0,Forest_Beta
8.043120200957052,6.021315789815895,aug,thu,87.48062388107826,205.88967132455525,630.7661718878355,6.250997359448097,17.712649847638005,55.69270202963977,2.0607782312134337,-0.0008553129752368472,0.0702691207093825,0.0,Forest_Beta
5.927206124991758,3.047480348341422,feb,fri,65.66545160486478,6.830496275623776,44.08898925560926,2.692811004579923,13.757171461551465,41.87579290733119,2.8947931597446197,-0.00010849224913811772,0.2108739411530417,0.0,Forest_Beta
3.016749459538193,3.9708927651553085,mar,sat,69.24968846923858,1.7052475615549965,7.536569597473877,0.822639498524337,16.335644912569254,23.841723037188988,5.675942950745691,-0.0007755083149189237,0.11731679760284253,0.0,Forest_Beta
3.9423282674839397,2.9954664533399282,aug,wed,79.46580172414046,87.42270212624832,610.6035370431659,9.548462548634326,17.78433970615069,42.02257292287312,4.239408813189675,-0.00010663173399869071,-0.5991967392217794,0.0,Forest_Beta
3.0783051475372902,3.9744617137939664,mar,wed,88.50957426269184,17.205946455719026,27.90126650423062,10.001651045709067,8.311501350383224,34.899177820427546,7.995870869364342,0.0008547615469194246,0.03664217210874217,0.0,Forest_Beta
6.0,5.0,sep,thu,85.86504358357828,99.50147056019135,743.4401435774824,7.5,19.723988061942897,27.0,2.038643729015034,0.0,0.0,1.0,Forest_Beta
4.0,3.0,sep,fri,90.75394182101802,100.37762905826459,742.814141371318,10.2,17.237013902999124,45.0,4.626038426386828,0.0,3.94,1.0,Forest_Beta
5.9860672877742465,4.990078440804772,may,sat,67.72595758040637,25.341842508940733,106.29611385259973,3.523599337715997,9.590688678124353,93.84608817896272,4.288190715392494,0.0009659033639458615,-0.5878037027769115,0.0,Forest_Beta
3.944097529150451,4.041510419594065,aug,tue,78.83450518797989,123.49912686224573,607.3879486531996,17.077901299354487,15.397006584922329,53.37709421525696,4.643019237671215,-0.0003633175551848369,-0.31835825794374273,0.0,Forest_Beta
6.0,5.0,mar,sun,68.5387258263675,43.312048118814054,81.40428957628768,7.2,12.894701565758263,54.0,4.043711087272171,0.0,12.1,1.0,Forest_Beta
5.045695214061763,3.9933034030029493,aug,thu,73.96402937701164,159.96153193868759,636.5832080928913,13.857055336702311,19.05100671767856,42.25619134545468,2.3367123981854094,3.732286516800254e-05,0.7044769653778191,0.0,Forest_Beta
3.981837364543544,3.9799319519259844,aug,thu,73.04878225368331,140.66091393081715,555.1942548347325,13.881532664460273,28.071711453214085,20.427875815363464,3.6800555535006505,-0.0012459758613121111,-0.4910700903233489,0.0,Forest_Beta
1.0,4.0,aug,sat,83.80168224753913,85.02709198518657,579.5996531329411,8.9,21.461195440570364,39.0,4.759710821394101,0.0,4.53,1.0,Forest_Beta
8.027156301106311,5.97939786746109,mar,sun,71.90478427206024,48.922469128110954,94.80790288049573,9.656099791655576,10.565225992474295,99.2116834019101,1.5975549107856712,0.0006614692240330422,0.12706651617763087,0.0,Forest_Beta
6.028091545824196,6.011886429716056,aug,mon,85.61946233251868,125.45836363812234,598.0473028686392,16.699525519814156,21.027172231124148,42.38349722190062,1.923846800532723,-0.00037499036522295985,0.48633317030007384,0.0,Forest_Beta
6.0,5.0,sep,sat,64.82301166708366,264.3451485920102,837.5413252261766,4.0,17.320273640342585,67.0,5.858077697251639,0.0,3.95,1.0,Forest_Beta
2.026459282184252,4.0097924688168565,aug,tue,70.22941631540911,104.3645335382404,537.6786998086267,17.004889346532465,17.962168986744185,40.002452828871604,4.161640704323251,-0.00033941570151459465,0.06424363852411458,0.0,Forest_Beta
2.0066828899861147,4.005608141589067,aug,wed,92.58692048177767,155.6374838742458,603.1738535826387,17.863976990478744,27.300088377590818,18.703407684698615,4.513629546047871,0.0012699363210675338,-0.013588794583830466,0.0,Forest_Beta
2.0,5.0,sep,tue,96.70262379159911,99.45248315474228,561.8311023431194,7.0,16.5092032358254,46.0,3.8398821143902895,0.0,7.04,1.0,Forest_Beta
3.949227391517613,4.976410258137746,feb,sun,87.59475618747656,6.502967607732318,54.96484252369455,3.566393305722556,10.170421723665964,62.39261232828373,1.8724580153411383,0.0004721233142263535,52.20149106130481,0.0,Forest_Beta
6.9425756112282,4.952652329549717,jun,sun,67.96238125141997,124.06263223864012,408.6006780290309,11.001535368982372,19.452969928438684,48.18908762247603,1.1297848860201671,0.0010814802889797703,-0.015499418963865101,0.0,Forest_Beta
3.0439820401025863,4.016509760708744,aug,sun,76.63794079143753,134.74399326492082,480.92614446378366,10.641253526858806,18.53635514428902,39.267754659698326,4.419400746611,0.0008236468702295305,-0.3121062572448071,0.0,Forest_Beta
9.033412554610132,4.955496045750392,jun,wed,82.13240963598506,54.87572697246528,269.08283206032525,13.923484096637797,24.697851652685152,33.782112590115155,4.521779296470394,-0.0005915922480790098,0.08690149592126506,0.0,Forest_Beta
1.9378126021154423,1.9899900223381943,aug,thu,86.21788355990716,79.74099859341409,404.536883800691,7.915557780879882,17.130004873166328,35.14717063860872,4.5891731109803375,-0.0005030344348176549,0.36381092791261926,0.0,Forest_Beta
4.020704507430868,4.003041372907619,mar,mon,74.19103474758597,22.101636946542513,53.7399195517602,4.2640815291547955,10.942301227013639,35.562356834656384,1.6475008012203005,0.00017445059558425356,-0.04521178496612947,0.0,Forest_Beta
5.903447179247503,2.9779479864055918,sep,sun,98.90054426702012,81.63587290373823,615.3281385570989,7.778946989675246,16.049294864573156,38.831101030877704,3.748666813916488,-9.428465769473669e-05,0.32999164072633985,0.0,Forest_Beta
3.0170502669827095,3.9951342551460125,aug,wed,76.80812670521959,179.09074866312602,543.5965039217556,13.31477092769729,21.292573947539058,39.79481583439649,0.4325016785094392,-0.0016834987674481463,2.584609829320715,0.0,Forest_Beta
5.938842979000314,2.940134949018231,sep,fri,84.67926477472099,125.76965526388555,737.4281386612313,10.21731587914422,17.22976835369405,39.42232714497715,2.739639587127525,0.0014231985125708676,-0.12012185940678673,0.0,Forest_Beta
6.0,5.0,mar,mon,85.41812851813637,17.058558151529613,30.017636369383577,7.1,11.938257632391648,45.0,6.188985992978579,0.0,3.18,1.0,Forest_Beta
5.9904581014409635,3.0378806468173067,sep,sat,98.64023288073163,127.15539185878993,693.217796418183,8.191732940209176,26.12180695698268,24.301520542326763,2.376158341526373,-0.0007675706572885446,0.15556946399293747,0.0,Forest_Beta
6.0,5.0,sep,sat,66.835403107774,285.3757253947573,773.523452441753,4.0,17.931261164177336,67.0,5.89086570364864,0.0,3.95,1.0,Forest_Beta
6.955895365650011,3.9816571095478,sep,thu,68.01805321553007,312.3938185386875,779.1459442625161,6.923443902903058,16.904004875813424,45.03406095915454,3.7626869162288314,-0.0002563139018135791,-0.29140763583523244,0.0,Forest_Beta
0.9493242279511456,2.0243234479252896,aug,fri,66.92912075538624,122.74817411185391,661.9627104962369,7.2313258340402795,17.673472112218228,72.96071730982952,7.488140947357662,0.00020614774022914312,0.26461396824053024,0.0,Forest_Beta
1.9148920923239807,1.9982968557169913,aug,tue,98.34739886715116,136.77482128325966,599.8049540948717,14.387485027963814,18.63159342532413,55.63820461009886,3.1455026362583953,0.001003652279263612,0.1829511918848975,0.0,Forest_Beta
9.0,4.0,jul,mon,89.49020312989417,75.21425140010876,416.6771306590988,9.8,21.337809993975974,27.0,4.358890453664651,0.0,1.63,1.0,Forest_Beta
1.9772955840350024,2.0124620993865148,aug,tue,83.47564688800072,84.56809411223911,578.2259620598483,16.8851743608767,18.448871534543404,43.331885335540335,5.925508561803573,0.0014068575019537525,1.1799758088844352,0.0,Forest_Beta
2.0415893642394924,2.0040858504209185,aug,sun,66.87814003612971,114.72259335030971,617.6890212409737,6.401091787747984,18.11677835534769,33.64335881043073,2.8373090314021088,-0.0013719661519018807,0.5996642444145671,0.0,Forest_Beta
0.9373611028447788,4.001605228533513,sep,tue,84.98944154950534,101.22449415349925,557.7995073227564,6.813889843129168,20.11254242069137,38.04167448207123,2.001448504631277,-0.002120444395304487,0.7744562938774229,0.0,Forest_Beta
3.9893128230542736,5.988136926675457,mar,sun,78.36043596024143,34.06222616375614,102.65993781924291,9.550943483165756,9.97557478016383,46.49699734772592,4.068136895456536,-0.00012280862125880603,0.18004567592066412,0.0,Forest_Beta
7.970948953806562,5.99246128500579,sep,tue,70.13533089484008,88.8974085140227,623.0231675079121,6.929563106111249,11.426531513819121,62.72975977427556,4.709239488444304,-0.0006382033050657788,-0.4209635632958207,0.0,Forest_Beta
2.0213481493789875,2.0198882389453963,aug,thu,81.96614949357703,73.37462433968344,606.7770399293145,6.189014217148853,17.204464762924232,43.80492728505201,4.232019908554104,-0.0010201170352848068,-0.5932621276010778,0.0,Forest_Beta
5.970457446957858,5.00352937133656,sep,fri,71.47051995876903,145.1462174023276,648.6259680686293,13.796874883642671,21.018728427110645,43.63586230122377,5.140481456240402,0.0016520573879382097,0.009180680770198143,0.0,Forest_Beta
7.980180146126481,5.011177521715347,aug,wed,98.33888888253131,123.14968887885514,646.9566796227837,13.463554105880725,21.877288546784637,36.08273662647107,2.8094074278814776,0.0028542303517219945,-0.26309036442709977,0.0,Forest_Beta
4.0087512635021065,4.029190960451001,aug,sat,86.85971805960314,94.90910752921684,570.4682089269096,8.93938083210879,15.773264240353717,41.48819649482035,5.483609299425468,0.001826819327716451,-0.19690941290267533,0.0,Forest_Beta
4.0,5.0,sep,thu,78.07835814112103,103.66141168832077,670.452398594437,9.2,21.09780043597883,34.0,2.112439874274371,0.0,14.57,1.0,Forest_Beta
7.0,4.0,mar,sun,84.07292992147067,28.13544035349946,82.5094152999817,5.5,11.892471025821434,60.0,4.655088421020425,0.0,8.24,1.0,Forest_Beta
8.965892755822427,9.015903702621063,aug,fri,69.36880715585463,196.60793400441352,589.0895895164434,11.970344080961931,23.108294382262372,36.23354046480442,4.039314346207271,0.00035884585051334584,0.32116592914132924,0.0,Forest_Beta
7.0,4.0,mar,mon,66.20112138241376,39.431173041364936,81.71835980007216,6.2,16.18337164196658,29.0,3.408135159851446,0.0,1.75,1.0,Forest_Beta
7.0,4.0,aug,sat,80.96589510896042,134.16431787108715,672.3929284862346,13.7,22.1900622820718,40.0,2.617886928691572,0.0,1.38,1.0,Forest_Beta
5.068004808089972,3.9734190647330507,sep,fri,70.65755820575268,220.75322785532913,771.0987493807789,7.173073013978671,14.505891029323676,58.105751608852415,3.0448671872028883,0.0023116274530734426,-0.9538938561996659,0.0,Forest_Beta
8.080373217000384,5.961784968480986,aug,mon,68.29746675452256,210.78391735928565,583.6035012666928,8.247413394296233,19.830370198572766,53.75720625853526,2.3031704056057904,-0.0005807146930278349,0.1661773769095504,0.0,Forest_Beta
5.904786027503864,4.988494988734884,feb,mon,77.70471167561372,4.468584766342938,40.79240998589166,2.234460441716895,4.551712422317319,68.33034992747544,1.9900141480607116,-0.0014317427294836989,-0.21581148726035543,0.0,Forest_Beta
6.0,5.0,mar,fri,77.02140819706734,42.21652498821555,93.72277631738056,12.5,11.191576994356193,33.0,3.955543602885347,0.0,8.31,1.0,Forest_Beta
7.0,4.0,oct,mon,77.967059588767,34.545059877367045,620.5150198730829,11.1,16.58461294714725,45.0,4.774757328367166,0.0,6.83,1.0,Forest_Beta
4.015426841913238,2.9731418687312163,jul,thu,88.04935176527667,71.54817507426792,506.05084016368465,9.398435374975952,25.823091583024528,21.691186296646165,5.214525041160686,-0.0012862463466694009,-0.04189776441935921,0.0,Forest_Beta
6.0,5.0,sep,thu,71.56692861338068,124.00493815636622,689.6999356420853,7.5,20.31784520076277,27.0,1.8829367623821311,0.0,0.0,1.0,Forest_Beta
3.0,5.0,sep,thu,90.04182421471876,129.4405252410316,684.3512847366898,6.8,13.774463790044264,39.0,2.792405608032154,0.0,2.18,1.0,Forest_Beta
4.0,5.0,sep,thu,73.3717453723335,135.86720218483475,588.6110326395587,9.2,20.0499866640768,15.0,1.6519046419142351,0.0,11.06,1.0,Forest_Beta
4.0004025527033376,5.945430000257638,sep,sun,96.53591718529131,100.86844157015678,665.0901492904035,8.095179503013656,27.298959020785112,26.269106886575806,3.043304613467745,0.00034593753808495435,63.68102445410439,0.0,Forest_Beta
6.99657137525994,4.029733995515473,sep,fri,73.23743576667538,50.55621940008447,640.5735212095768,11.645663782704965,14.208202675376837,63.50977112918044,2.7451585831311367,-0.0010719536323151207,0.749910100073016,0.0,Forest_Beta
3.0002067963263515,4.014294257616262,aug,tue,83.3627569050865,175.50859581574377,556.5521958715184,14.170039402504878,18.984305871427765,32.35612437401517,3.213135870904337,0.004602710582462066,-0.33735083784456815,0.0,Forest_Beta
3.9842338600019396,4.013340144697398,sep,wed,68.80068316773831,98.45952323807867,696.7069862127609,6.092270622643936,11.965707405209537,73.93077534392599,5.057820233749512,-0.0008366230880620863,-0.3148720946527159,0.0,Forest_Beta
7.986591409954257,6.00017664709382,aug,thu,74.4215481921956,148.0883183299748,595.3916913019393,6.85939873220209,18.156526866506443,41.05933173546939,3.673064552634942,0.0017428431128767724,0.42169545040628165,0.0,Forest_Beta
6.04016164440305,5.0036891368914045,sep,sat,98.63756685349783,99.64518831401868,656.4881597903133,8.343582175306013,18.55531161376245,31.599728573827115,2.3477187229138465,-0.003051871325365084,-0.3584409774411165,0.0,Forest_Beta
6.0,4.0,aug,thu,95.35910797267198,85.04596891662543,556.0676518950175,10.4,20.347585760875774,41.0,4.017367982562664,0.0,1.9,1.0,Forest_Beta
3.9975381730547435,3.03146189019139,aug,wed,91.31760488696968,156.87285935456634,599.4482731525547,20.036132155143395,29.346066551611212,28.97688276276016,4.94715977705077,0.001661793485863299,48.93230173378522,0.0,Forest_Beta
4.009351391375586,4.97857407036855,aug,sun,79.22853787963899,64.43843673040423,568.817664202392,6.446615902531949,18.997795642871054,33.06973042079287,3.13901399725122,0.0014786530373147387,-0.7549924704743637,0.0,Forest_Beta
4.040155205760621,2.9965456066275964,aug,thu,93.35784834894318,108.0588363308621,540.6858934688903,6.473286377559427,15.52317435476522,45.31806880228888,3.516646866301836,0.0017467142150319902,0.15040360465108335,0.0,Forest_Beta
6.993397023483656,3.991622816169821,oct,tue,88.78754873668181,42.04254359259327,562.019372856914,6.647317387360676,16.177657661582778,33.10720116862851,0.7658494423950266,-0.0025508677124797814,0.14866267226283064,0.0,Forest_Beta
4.057456235053928,3.944639454456491,sep,thu,86.80917442801743,89.3427505642034,641.2389352260828,9.183467745176426,19.625213036722748,17.037051434682773,1.3426745890534248,0.0005860938832175775,0.7304158146964371,0.0,Forest_Beta
1.0419306697927184,1.977745489600778,aug,sun,96.4579430157806,75.98078668406978,612.80627875244,6.303791082190681,16.291872786850014,44.26240308283287,2.276742353099549,0.00046427990674078646,-0.5418149956060251,0.0,Forest_Beta
3.961806897500257,4.913028606099335,aug,sun,89.08504457147357,134.2755402259621,552.3523520100509,8.188526370123157,8.974663518460783,75.08537962889119,0.8351181186617248,-0.0024651756561153734,0.1814286395614981,0.0,Forest_Beta
6.100178549995296,3.0043222075386,sep,tue,85.64771545751971,68.32135296765848,680.6747027620471,6.242482948774339,16.179311000222683,62.34941200949187,3.8750130589000062,0.001417673229444643,-0.08814502469088939,0.0,Forest_Beta
5.996348719894301,5.033831379768002,aug,fri,96.41922652014291,191.5878193757417,656.9590452121967,6.999557587582322,16.666325375903924,62.400896815917065,5.205753075070743,0.0002992480181240916,0.5322519406463901,0.0,Forest_Beta
8.01473251918198,5.994042367491156,aug,sun,97.52873320758248,141.7182395943376,516.7729520105868,10.806751547398127,15.787221484871514,43.03582998677066,4.2532504279431596,0.0006820550029622096,-0.686522760705346,0.0,Forest_Beta
4.031210085889325,3.017905934588039,aug,wed,77.36764995071574,81.3070293574674,587.9411363529863,9.703192272664081,18.907946746127113,42.23813304082723,4.068086387178448,-0.0003565937943482678,0.2579060850504329,0.0,Forest_Beta
8.01625549213007,6.028052752335666,aug,sun,83.07618664986012,39.38610817448816,621.739190210622,1.8770923851551515,25.416360919945724,34.57581688161259,2.411458366330535,-0.0008839444306666723,-0.6117737818339015,0.0,Forest_Beta
7.004434343934816,4.023852252154422,sep,wed,76.15113632261914,237.54476946032764,831.8953108317809,9.935043691415748,9.277037114815124,77.44451216318184,3.255350986891287,-0.001315385849028335,-0.602931882885663,0.0,Forest_Beta
6.047583291833018,4.9809111919817814,sep,wed,93.91625582628367,103.57075871768204,570.8812631246423,9.164851935656317,22.862715102411318,20.44523625745356,4.257545709239984,-0.0007975298502445888,-0.5096542407595634,0.0,Forest_Beta
6.0,5.0,sep,sat,75.8793875980492,140.07194890221672,665.9461683006721,8.6,25.50751362430209,27.0,4.556973933102826,0.0,1090.84,1.0,Forest_Beta
5.9509957807231775,5.040508607093008,aug,sat,65.95501455726662,101.42956073225315,511.3855134261593,8.872592629100895,13.715483340692836,59.086234680110834,5.6693726963893925,0.0009977747200243614,0.6874864702029667,0.0,Forest_Beta
2.0033106373048946,5.001238784966543,aug,fri,76.96036481185544,93.34558759918004,503.720566907706,15.054019782240317,22.72306683809097,35.432645626512354,5.774240982373178,-0.0004868456819464045,10.168363233249343,0.0,Forest_Beta
7.008172801016615,5.98214999080014,jul,wed,70.42559022335173,138.5057452788288,368.0882591271122,12.51522118113822,11.465998175570114,89.39569912966924,7.728739687478974,0.22957425775494003,-0.5202743144331434,0.0,Forest_Beta
4.0,3.0,sep,tue,91.84179220694989,112.0824238424016,666.2903982358666,6.5,16.535857226392626,53.0,2.863052706011339,0.0,2.93,1.0,Forest_Beta
3.0,4.0,mar,wed,95.36500695426025,20.38695130114176,40.41825103382507,7.3,12.286521670400704,41.0,4.869470780087496,0.0,5.55,1.0,Forest_Beta
9.022598962185711,8.992952868023734,jul,tue,82.26245559913876,30.150879016356004,289.13256660045164,3.9724234983297646,16.236879890960555,42.06423934877545,2.489024226095173,0.0005174303671941309,-0.058691177255462634,0.0,Forest_Beta
6.0,5.0,sep,thu,79.58898043292928,88.29832606418599,634.9460146397034,7.5,16.468675412101433,28.0,4.576885150402865,0.0,1.01,1.0,Forest_Beta
8.0,6.0,aug,sat,76.54448595785402,102.3122461023505,479.75932641447383,11.0,23.473103743798823,41.0,2.590767969113003,0.0,8.02,1.0,Forest_Beta
4.0,4.0,sep,sun,81.44993433187501,130.83326692175518,670.433612962826,8.1,23.024380160710017,39.0,5.307503132153471,0.0,48.55,1.0,Forest_Beta
6.976417034524211,4.0086900800594085,aug,mon,77.90401224500036,206.4138697362525,640.5141166177823,7.457539342022327,15.975381324485118,64.90418857258194,3.747251197678713,-0.00036826578465121705,-0.13788541500156148,0.0,Forest_Beta
3.939973358302634,2.973044091474716,sep,thu,94.24164435478905,93.56600281719795,596.6978745054139,9.393522284780026,24.27071947252033,24.10790777713112,1.8342055317099135,-0.0019432961317200148,0.23256289898028404,0.0,Forest_Beta
4.058599546295717,2.981398069762506,aug,sun,83.3489005197653,105.91595492686658,612.5394818077705,6.45571688461774,19.425245769614076,33.825283479926185,1.8151557348143157,0.0018024200538873702,-0.20163180614732928,0.0,Forest_Beta
6.07003753134832,5.032636553327328,jun,sat,57.381216555882844,72.08313444023479,192.64537929138473,0.19594571936503463,9.446403589513167,90.06038993871968,2.772206166264656,0.0009595567796083345,-0.14765031947926124,0.0,Forest_Beta
4.973270516612092,3.983285439354355,sep,sat,94.32219369970588,98.55955815788165,734.0323468431324,8.448131063302533,21.237838955034114,26.975680175305573,3.307899487234389,-0.002291576969335214,0.09354972524969843,0.0,Forest_Beta
1.0,5.0,sep,sat,93.04422110845972,96.9716979204547,598.9150499247904,8.1,26.376601130666376,27.0,3.050513739137091,0.0,1.46,1.0,Forest_Beta
3.9937932656051234,4.979333910345782,sep,thu,69.32248139609074,74.29085905119848,659.6168941346677,8.571143074181233,17.099665478915554,24.303404780312984,5.451521781930514,0.0007628842091973979,0.07606886383940259,0.0,Forest_Beta
6.953153602924389,4.063952785282083,jul,sat,90.84268606960444,99.74159388552062,445.4293961763619,9.170237684990832,20.951590420721175,29.304964665156344,1.5196570258470772,0.00033624919697194,-0.08169248394180888,0.0,Forest_Beta
1.9619719571009504,2.00476519550363,feb,fri,80.82331898553431,11.423856515432515,39.458517303256535,5.293131207635114,11.289741607478494,50.912770950195025,0.9123632318671737,-0.0008958285801336558,0.25447210070741455,0.0,Forest_Beta
3.9707091014824174,4.015133825823129,mar,mon,79.54813906655092,35.37356815702856,101.02298288660212,4.8423627365342385,9.75988502363038,46.07275348188233,5.998334402523806,-0.0007489539845749173,-0.43837081655312043,0.0,Forest_Beta
4.0,4.0,sep,fri,75.81439717333473,94.45524043990427,629.4287944080035,9.6,20.66468007795012,35.0,5.5022572453597975,0.0,13.06,1.0,Forest_Beta
0.9757867483308411,3.04210854484749,sep,fri,73.69823901758632,70.00032190880769,697.7720773126455,7.106764288548134,17.759051274301445,46.15291736408947,1.9994019689731775,-0.005372216602302834,-0.1338745849318203,0.0,Forest_Beta
7.998307249118964,6.005912048984576,aug,sun,90.91422612473313,141.4842952822998,543.5023588721294,14.074564594891077,28.707170090762443,26.964492398879244,5.19609889252897,0.0017705554099863724,-0.24410485963323655,0.0,Forest_Beta
6.991568793906547,3.973584452206394,jun,sun,68.21235718279313,108.07071684951664,193.93089588850123,56.07126369791284,19.785011440203213,43.58208184694028,3.9387746441964264,-0.0013989950989769095,0.2588248347714447,0.0,Forest_Beta
7.0,4.0,mar,sun,84.48801943776756,31.73858406397815,77.59833103840612,5.5,11.59791231099025,60.0,4.238750769316834,0.0,8.24,1.0,Forest_Beta
2.013889346772307,2.0178124395832997,aug,tue,79.7118335535104,127.65468422513638,547.3626524292753,14.16813424117846,21.206412233152793,24.48128375570642,2.9235802811748224,-0.00023582199738513197,0.05636691614415922,0.0,Forest_Beta
4.0,4.0,aug,tue,70.93793551831102,81.01981013718917,541.2938658242273,14.6,22.602191617005143,54.0,8.00544905980322,0.0,0.79,1.0,Forest_Beta
6.056529781561442,5.042121993425876,sep,sat,89.86046141331815,73.88463415751885,732.5767159498395,8.392729052266649,17.690484903387517,35.5756407739338,1.7531825341607652,0.00017385241681714767,0.5380143003595673,0.0,Forest_Beta
1.0,3.0,sep,sun,86.32786303215241,229.47251811515838,705.7724242929265,7.1,21.66183015393696,43.0,4.207046907131569,0.0,70.76,1.0,Forest_Beta
5.0,4.0,feb,sun,75.4696473017169,9.861137260490526,40.97900866319474,3.9,13.28945665452674,53.0,2.7422973735574465,0.0,6.38,1.0,Forest_Beta
7.0289851884909345,5.011953176341871,aug,tue,79.30947981713629,130.55215030050522,605.2469648192096,14.385883143108806,19.611363192406525,64.49347836948355,4.399868762218615,0.7710198103430924,0.08459932025183661,0.0,Forest_Beta
7.0,4.0,sep,sun,75.12926388173777,319.2850892135745,693.1859912372796,7.1,14.959729934592275,77.0,6.391601075256236,0.0,11.06,1.0,Forest_Beta
3.94202098980764,4.01494604042439,apr,fri,82.49851083757041,14.908919283090798,85.07336405449959,2.222935157050894,14.510594029328995,19.775414746270133,3.1943891072360646,-0.0005860797061158327,-0.20531066879727988,0.0,Forest_Beta
2.9838518554295588,4.954651677287625,mar,tue,74.84962635707991,20.623937027105192,56.057536026090865,3.917323166055195,14.050689735072705,38.099389685270076,2.78984402589143,0.004503760475296651,0.7751642923800522,0.0,Forest_Beta
2.0227347657744748,4.000752055595007,aug,sun,73.04012743345368,147.57899407965698,585.157041628049,13.686546976227893,21.077768778197584,54.3990400358467,7.670605599483039,0.002585355460429978,2.6181468956048852,0.0,Forest_Beta
6.0,5.0,sep,thu,92.76139514762356,100.5963747581674,683.9074132290206,7.5,16.538263529172735,28.0,3.82329817812564,0.0,1.01,1.0,Forest_Beta
2.9709734840248174,3.9760470886216726,aug,tue,73.48827974934133,117.2309860498574,545.4136487661566,8.835557333766321,12.636836885752054,65.76102406513232,5.063260128326357,-0.001013529277494105,-0.264870839760677,0.0,Forest_Beta
6.003659143878961,4.9702724105575875,mar,sat,76.28826250274221,34.90742845028055,71.58336811508146,7.826091426536888,16.110430747744683,24.88265201552026,4.183144539428976,-0.0009473121218046609,0.10507386176884217,0.0,Forest_Beta
2.0,5.0,aug,thu,87.43492675435766,131.8903560785066,542.9837896653497,10.4,22.420851311508855,28.0,3.2130125577424566,0.0,8.68,1.0,Forest_Beta
0.9455870829289108,1.973379106884802,aug,sat,98.65287309017597,171.20068595910794,667.9392951765258,8.476801287930243,23.317654331056136,32.39448613045956,3.104582747372031,0.0007895430614947007,0.27581898436625,0.0,Forest_Beta
3.013209464826376,4.044608832831469,sep,fri,80.63137604554207,64.32773324344531,566.3799682249808,15.808481723655207,17.75786206138888,50.041513588000946,4.764923696822444,-0.0009319699568371159,0.04370153224630864,0.0,Forest_Beta
7.0,4.0,feb,mon,89.08117691918847,10.718865083748959,51.071664918006874,4.1,8.937101523115077,71.0,6.4025471248198595,0.0,9.96,1.0,Forest_Beta
4.989943926412769,3.9830755586653104,sep,mon,72.09567120036202,90.9084251875946,587.0265813070394,9.080409535496687,17.562496418414863,38.54610018649176,2.296542967205948,0.00028571222894529337,-0.21517877587087095,0.0,Forest_Beta
1.0036393562240635,3.9563849550199617,sep,sat,94.22736514216345,78.57394591852534,685.146513942184,8.327469209292103,20.799825825954652,27.46329906417244,2.618736766013797,5.28349746204944e-05,-0.27015925242099,0.0,Forest_Beta
4.984034209594225,4.049544903001543,mar,fri,67.94446908404865,26.500182454389105,70.3678867583773,8.887185114892745,13.413649662658989,24.569732762148377,6.318468347077121,-0.0011999615368468613,0.18221343858815112,0.0,Forest_Beta
3.9655885562736573,5.016327853269347,sep,sat,70.56560057975726,91.1730967201982,615.9268143644981,7.1099363680968235,17.865801072443276,44.46350109069722,2.7789595902034265,-0.0003825115276563256,-0.25581252235281704,0.0,Forest_Beta
1.8895641193438864,4.008066571591523,aug,sun,86.87277422762791,142.5622227991812,600.6936146908242,13.77630518287984,20.584831401077277,54.13641481586986,6.811080418938906,0.00013605115600584612,2.572048929210719,0.0,Forest_Beta
4.0,4.0,sep,wed,90.07441406823064,122.05431407936925,684.724172750861,8.8,19.002042793966865,41.0,2.0447845691277293,0.0,1.58,1.0,Forest_Beta
1.9837102435132201,4.013237056422074,jan,sat,87.36658832245334,1.8753727748424935,12.775487641121115,2.9760931540295603,4.742370393141139,77.81913721539341,2.5527775756651767,0.0014228889589524504,-0.209551763810651,0.0,Forest_Beta
